{
  "report_id": "HER2_Report_L755S_20260128_125327",
  "mutation": "L755S",
  "timestamp": "2026-01-28T12:53:27.911372",
  "summary": {
    "candidates_generated": 3,
    "top_score": 0.7949,
    "average_feasibility": 0.573
  },
  "evidence_found": {
    "similar_mutations": 5,
    "relevant_papers": 1,
    "evidence_score": 0.602
  },
  "top_candidates": [
    {
      "candidate_id": "DES_L755S_003_4d0e11c2",
      "sequence": "QVQLQESGPGLVKPSETLSLTCTVSWHYTTRYRFHWVRQAPGKGLEWVRHEAYAYYHWRFHKHHRFTISADTSKNTAYLQMNSLRAEDTAVYYCWGGRGFYAWYYWGQGTLVTVSS",
      "cdr1": "WHYTTRYRFH",
      "cdr2": "RHEAYAYYHWRFHKHH",
      "cdr3": "WGGRGFYAWYY",
      "framework": "VH4-34",
      "length": 116,
      "design_confidence": 0.95,
      "binding_optimization": 0.636,
      "stability_score": 0.593,
      "specificity_score": 0.506,
      "biochemical_properties": {
        "length": 116,
        "molecular_weight": 13718.17739999999,
        "isoelectric_point": 9.329364967346194,
        "gravy": -0.5982758620689658,
        "instability_index": 38.38198275862068,
        "aromaticity": 0.1896551724137931,
        "secondary_structure_fraction": [
          0.22413793103448276,
          0.21551724137931036,
          0.4310344827586208
        ],
        "molar_extinction_coefficient": [
          54890,
          55015
        ],
        "amino_acid_composition": {
          "A": 0.06896551724137931,
          "C": 0.017241379310344827,
          "D": 0.017241379310344827,
          "E": 0.04310344827586207,
          "F": 0.034482758620689655,
          "G": 0.07758620689655173,
          "H": 0.06034482758620689,
          "I": 0.008620689655172414,
          "K": 0.034482758620689655,
          "L": 0.06896551724137931,
          "M": 0.008620689655172414,
          "N": 0.017241379310344827,
          "P": 0.02586206896551724,
          "Q": 0.05172413793103448,
          "R": 0.06896551724137931,
          "S": 0.07758620689655173,
          "T": 0.09482758620689655,
          "V": 0.06896551724137931,
          "W": 0.06034482758620689,
          "Y": 0.09482758620689655
        },
        "charge_at_ph7": 12
      },
      "feasibility_score": 0.864,
      "feasibility_category": "Good",
      "passes": [
        "Length OK (116 residues)",
        "Cysteine count OK (2, all can form disulfides)",
        "No problematic motifs detected",
        "Hydrophobicity OK (GRAVY = -0.60)",
        "Stable protein (instability index = 38.4)",
        "Good sequence complexity (0.81)"
      ],
      "warnings": [
        "Extreme isoelectric point (pI = 9.33) - may affect solubility"
      ],
      "issues": [],
      "critical_issues": [],
      "manufacturing_risks": [
        "Protease cleavage site: GP",
        "Oxidation risk: High tryptophan count (7)",
        "Isomerization risk at position 70"
      ],
      "recommendations": [
        "Good candidate for immediate synthesis and testing",
        "Consider mutation to remove protease sites",
        "Validate binding with computational docking",
        "Test expression in mammalian system (HEK293 or CHO)"
      ],
      "scientific_support_score": 0.635,
      "supporting_papers": [
        "25253727"
      ],
      "evidence_statements": [],
      "confidence_level": "Medium",
      "combined_score": 0.7949,
      "evidence_score": 0.602
    },
    {
      "candidate_id": "DES_L755S_002_0b59997b",
      "sequence": "EVQLVESGGGLVQPGGSLRLSCAASSFHWYWNQCFWVRQAPGKGLEWVSFEYYHFHVYILSQHRRFTISADTSKNTAYLQMNSLRAEDTAVYYCWRRFGFRAMDYWGQGTLVTVSS",
      "cdr1": "SFHWYWNQCF",
      "cdr2": "SFEYYHFHVYILSQHR",
      "cdr3": "WRRFGFRAMDY",
      "framework": "VH3-23",
      "length": 116,
      "design_confidence": 0.6399999999999999,
      "binding_optimization": 0.636,
      "stability_score": 0.58,
      "specificity_score": 0.736,
      "biochemical_properties": {
        "length": 116,
        "molecular_weight": 13448.959599999984,
        "isoelectric_point": 8.551618385314942,
        "gravy": -0.25948275862068965,
        "instability_index": 36.99568965517241,
        "aromaticity": 0.18103448275862066,
        "secondary_structure_fraction": [
          0.2241379310344828,
          0.25862068965517243,
          0.4051724137931034
        ],
        "molar_extinction_coefficient": [
          44920,
          45045
        ],
        "amino_acid_composition": {
          "A": 0.06896551724137931,
          "C": 0.02586206896551724,
          "D": 0.02586206896551724,
          "E": 0.04310344827586207,
          "F": 0.06034482758620689,
          "G": 0.08620689655172414,
          "H": 0.034482758620689655,
          "I": 0.017241379310344827,
          "K": 0.017241379310344827,
          "L": 0.07758620689655173,
          "M": 0.017241379310344827,
          "N": 0.02586206896551724,
          "P": 0.017241379310344827,
          "Q": 0.06034482758620689,
          "R": 0.06896551724137931,
          "S": 0.10344827586206896,
          "T": 0.05172413793103448,
          "V": 0.07758620689655173,
          "W": 0.05172413793103448,
          "Y": 0.06896551724137931
        },
        "charge_at_ph7": 6
      },
      "feasibility_score": 0.48,
      "feasibility_category": "Poor",
      "passes": [
        "Length OK (116 residues)",
        "No problematic motifs detected",
        "Isoelectric point OK (pI = 8.55)",
        "Hydrophobicity OK (GRAVY = -0.26)",
        "Stable protein (instability index = 37.0)",
        "Good sequence complexity (0.80)"
      ],
      "warnings": [],
      "issues": [],
      "critical_issues": [
        "Odd number of cysteines (3) - cannot form proper disulfide bonds"
      ],
      "manufacturing_risks": [
        "Protease cleavage site: AP",
        "Oxidation risk: High tryptophan count (6)",
        "Isomerization risk at position 70"
      ],
      "recommendations": [
        "Not recommended for synthesis without major redesign",
        "Fix critical issues first: Odd number of cysteines (3) - cannot form proper disulfide bonds",
        "Consider mutation to remove protease sites",
        "Validate binding with computational docking",
        "Test expression in mammalian system (HEK293 or CHO)"
      ],
      "scientific_support_score": 0.542,
      "supporting_papers": [
        "25253727"
      ],
      "evidence_statements": [],
      "confidence_level": "Medium",
      "combined_score": 0.5588,
      "evidence_score": 0.602
    },
    {
      "candidate_id": "DES_L755S_001_e1b0929a",
      "sequence": "EVQLVESGGGLVQPGGSLRLSCAASNYFRTHYIYHWVRQAPGKGLEWVRWRWWLFRYSWCWYYFRFTISADTSKNTAYLQMNSLRAEDTAVYYCWWGWGFYRWDYWGQGTLVTVSS",
      "cdr1": "NYFRTHYIYH",
      "cdr2": "RWRWWLFRYSWCWYYF",
      "cdr3": "WWGWGFYRWDY",
      "framework": "VH3-23",
      "length": 116,
      "design_confidence": 0.6399999999999999,
      "binding_optimization": 0.727,
      "stability_score": 0.563,
      "specificity_score": 0.851,
      "biochemical_properties": {
        "length": 116,
        "molecular_weight": 13940.521399999992,
        "isoelectric_point": 9.079549980163574,
        "gravy": -0.34482758620689635,
        "instability_index": 46.498362068965506,
        "aromaticity": 0.2413793103448276,
        "secondary_structure_fraction": [
          0.19827586206896552,
          0.25,
          0.46551724137931033
        ],
        "molar_extinction_coefficient": [
          82390,
          82515
        ],
        "amino_acid_composition": {
          "A": 0.06034482758620689,
          "C": 0.02586206896551724,
          "D": 0.02586206896551724,
          "E": 0.034482758620689655,
          "F": 0.04310344827586207,
          "G": 0.09482758620689655,
          "H": 0.017241379310344827,
          "I": 0.017241379310344827,
          "K": 0.017241379310344827,
          "L": 0.07758620689655173,
          "M": 0.008620689655172414,
          "N": 0.02586206896551724,
          "P": 0.017241379310344827,
          "Q": 0.04310344827586207,