{
  "report_id": "HER2_Report_L755S_20260130_232631",
  "mutation": "L755S",
  "timestamp": "2026-01-30T23:26:31.893901",
  "summary": {
    "candidates_generated": 3,
    "top_score": 0.8288,
    "average_feasibility": 0.7763333333333332
  },
  "evidence_found": {
    "similar_mutations": 5,
    "relevant_papers": 1,
    "evidence_score": 0.602
  },
  "top_candidates": [
    {
      "candidate_id": "DES_L755S_002_d948509f",
      "sequence": "QVQLQESGPGLVKPSETLSLTCTVSSYFSYHYWWSWVRQAPGKGLEWVFLRGRVYRYYLHFYDYRFTISADTSKNTAYLQMNSLRAEDTAVYYCYYGFYFRRMDYWGQGTLVTVSS",
      "cdr1": "SYFSYHYWWS",
      "cdr2": "FLRGRVYRYYLHFYDY",
      "cdr3": "YYGFYFRRMDY",
      "framework": "VH4-34",
      "length": 116,
      "design_confidence": 0.95,
      "binding_optimization": 0.727,
      "stability_score": 0.572,
      "specificity_score": 0.793,
      "biochemical_properties": {
        "length": 116,
        "molecular_weight": 13825.371299999988,
        "isoelectric_point": 8.855522346496581,
        "gravy": -0.37155172413793097,
        "instability_index": 36.056206896551714,
        "aromaticity": 0.22413793103448276,
        "secondary_structure_fraction": [
          0.20689655172413793,
          0.25,
          0.4741379310344828
        ],
        "molar_extinction_coefficient": [
          49850,
          49975
        ],
        "amino_acid_composition": {
          "A": 0.04310344827586207,
          "C": 0.017241379310344827,
          "D": 0.034482758620689655,
          "E": 0.034482758620689655,
          "F": 0.05172413793103448,
          "G": 0.06896551724137931,
          "H": 0.017241379310344827,
          "I": 0.008620689655172414,
          "K": 0.02586206896551724,
          "L": 0.08620689655172414,
          "M": 0.017241379310344827,
          "N": 0.017241379310344827,
          "P": 0.02586206896551724,
          "Q": 0.05172413793103448,
          "R": 0.06896551724137931,
          "S": 0.10344827586206896,
          "T": 0.07758620689655173,
          "V": 0.07758620689655173,
          "W": 0.04310344827586207,
          "Y": 0.12931034482758622
        },
        "charge_at_ph7": 5
      },
      "genetic_code": "CAGGTGCAGCTGCAGGAGTCCGGCCCCGGCCTGGTGAAGCCCTCCGAGACCCTGTCCCTGACCTGCACCGTGTCCTCCTACTTCTCCTACCACTACTGGTGGTCCTGGGTGCGCCAGGCTCCCGGCAAGGGCCTGGAGTGGGTGTTCCTGCGCGGCCGCGTGTACCGCTACTACCTGCACTTCTACGACTACCGCTTCACCATCTCCGCTGACACCTCCAAGAACACCGCTTACCTGCAGATGAACTCCCTGCGCGCTGAGGACACCGCTGTGTACTACTGCTACTACGGCTTCTACTTCCGCCGCATGGACTACTGGGGCCAGGGCACCCTGGTGACCGTGTCCTCC",
      "feasibility_score": 0.977,
      "feasibility_category": "Excellent",
      "passes": [
        "Length OK (116 residues)",
        "Cysteine count OK (2, all can form disulfides)",
        "No problematic motifs detected",
        "Isoelectric point OK (pI = 8.86)",
        "Hydrophobicity OK (GRAVY = -0.37)",
        "Stable protein (instability index = 36.1)",
        "Good sequence complexity (0.80)"
      ],
      "warnings": [],
      "issues": [],
      "critical_issues": [],
      "manufacturing_risks": [
        "Protease cleavage site: GP",
        "Oxidation risk: High tryptophan count (5)",
        "Isomerization risk at position 70"
      ],
      "recommendations": [
        "Good candidate for immediate synthesis and testing",
        "Consider mutation to remove protease sites",
        "Validate binding with computational docking",
        "Test expression in mammalian system (HEK293 or CHO)"
      ],
      "scientific_support_score": 0.635,
      "supporting_papers": [
        "25253727"
      ],
      "evidence_statements": [],
      "confidence_level": "Medium",
      "combined_score": 0.8288,
      "evidence_score": 0.602
    },
    {
      "candidate_id": "DES_L755S_003_f053c409",
      "sequence": "EVQLVESGGGLVQPGGSLRLSCAASRARCYHWCWHWVRQAPGKGLEWVREYHAEMWYKWLHIWYRFTISADTSKNTAYLQMNSLRAEDTAVYYCWGGDGFRAMRHWGQGTLVTVSS",
      "cdr1": "RARCYHWCWH",
      "cdr2": "REYHAEMWYKWLHIWY",
      "cdr3": "WGGDGFRAMRH",
      "framework": "VH3-23",
      "length": 116,
      "design_confidence": 0.95,
      "binding_optimization": 0.455,
      "stability_score": 0.584,
      "specificity_score": 0.506,
      "biochemical_properties": {
        "length": 116,
        "molecular_weight": 13419.031799999988,
        "isoelectric_point": 8.78202838897705,
        "gravy": -0.38534482758620686,
        "instability_index": 35.52758620689654,
        "aromaticity": 0.15517241379310345,
        "secondary_structure_fraction": [
          0.2672413793103448,
          0.24137931034482757,
          0.3706896551724138
        ],
        "molar_extinction_coefficient": [
          59930,
          60180
        ],
        "amino_acid_composition": {
          "A": 0.08620689655172414,
          "C": 0.034482758620689655,
          "D": 0.02586206896551724,
          "E": 0.05172413793103448,
          "F": 0.017241379310344827,
          "G": 0.10344827586206896,
          "H": 0.04310344827586207,
          "I": 0.017241379310344827,
          "K": 0.02586206896551724,
          "L": 0.07758620689655173,
          "M": 0.02586206896551724,
          "N": 0.017241379310344827,
          "P": 0.017241379310344827,
          "Q": 0.04310344827586207,
          "R": 0.07758620689655173,
          "S": 0.07758620689655173,
          "T": 0.05172413793103448,
          "V": 0.06896551724137931,
          "W": 0.07758620689655173,
          "Y": 0.06034482758620689
        },
        "charge_at_ph7": 8
      },
      "genetic_code": "GAGGTGCAGCTGGTGGAGTCCGGCGGCGGCCTGGTGCAGCCCGGCGGCTCCCTGCGCCTGTCCTGCGCTGCTTCCCGCGCTCGCTGCTACCACTGGTGCTGGCACTGGGTGCGCCAGGCTCCCGGCAAGGGCCTGGAGTGGGTGCGCGAGTACCACGCTGAGATGTGGTACAAGTGGCTGCACATCTGGTACCGCTTCACCATCTCCGCTGACACCTCCAAGAACACCGCTTACCTGCAGATGAACTCCCTGCGCGCTGAGGACACCGCTGTGTACTACTGCTGGGGCGGCGACGGCTTCCGCGCTATGCGCCACTGGGGCCAGGGCACCCTGGTGACCGTGTCCTCC",
      "feasibility_score": 0.977,
      "feasibility_category": "Excellent",
      "passes": [
        "Length OK (116 residues)",
        "Cysteine count OK (4, all can form disulfides)",
        "No problematic motifs detected",
        "Isoelectric point OK (pI = 8.78)",
        "Hydrophobicity OK (GRAVY = -0.39)",
        "Stable protein (instability index = 35.5)",
        "Good sequence complexity (0.80)"
      ],
      "warnings": [],
      "issues": [],
      "critical_issues": [],
      "manufacturing_risks": [
        "Protease cleavage site: AP",
        "Oxidation risk: High tryptophan count (9)",
        "Isomerization risk at position 70"
      ],
      "recommendations": [
        "Good candidate for immediate synthesis and testing",
        "Consider mutation to remove protease sites",
        "Validate binding with computational docking",
        "Test expression in mammalian system (HEK293 or CHO)"
      ],
      "scientific_support_score": 0.635,
      "supporting_papers": [
        "25253727"
      ],
      "evidence_statements": [],
      "confidence_level": "Medium",
      "combined_score": 0.8288,
      "evidence_score": 0.602
    },
    {
      "candidate_id": "DES_L755S_001_c92b5366",
      "sequence": "EVQLVESGGGLVQPGGSLRLSCAASSNCHSHYHYRWVRQAPGKGLEWVFTYYREWRDTYRVIRSRFTISADTSKNTAYLQMNSLRAEDTAVYYCRHGWGFYAMHYWGQGTLVTVSS",
      "cdr1": "SNCHSHYHYR",
      "cdr2": "FTYYREWRDTYRVIRS",
      "cdr3": "RHGWGFYAMHY",
      "framework": "VH3-23",
      "length": 116,
      "design_confidence": 0.6399999999999999,
      "binding_optimization": 0.636,
      "stability_score": 0.597,
      "specificity_score": 0.563,
      "biochemical_properties": {
        "length": 116,
        "molecular_weight": 13339.754699999989,
        "isoelectric_point": 9.103467750549317,
        "gravy": -0.4637931034482758,
        "instability_index": 52.75353448275861,
        "aromaticity": 0.15517241379310345,
        "secondary_structure_fraction": [
          0.21551724137931036,
          0.2672413793103448,
          0.3879310344827587
        ],