{
  "report_id": "HER2_Report_L755S_20260130_230905",
  "mutation": "L755S",
  "timestamp": "2026-01-30T23:09:05.210541",
  "summary": {
    "candidates_generated": 3,
    "top_score": 0.8288,
    "average_feasibility": 0.8873333333333333
  },
  "evidence_found": {
    "similar_mutations": 5,
    "relevant_papers": 1,
    "evidence_score": 0.602
  },
  "top_candidates": [
    {
      "candidate_id": "DES_L755S_003_a2f8653a",
      "sequence": "EVQLVESGGGLVQPGGSLRLSCAASRNRTTWFAQYWVRQAPGKGLEWVRFYWWTEQHHDFQNRYRFTISADTSKNTAYLQMNSLRAEDTAVYYCWGGDGFHWMDYWGQGTLVTVSS",
      "cdr1": "RNRTTWFAQY",
      "cdr2": "RFYWWTEQHHDFQNRY",
      "cdr3": "WGGDGFHWMDY",
      "framework": "VH3-23",
      "length": 116,
      "design_confidence": 0.95,
      "binding_optimization": 0.455,
      "stability_score": 0.597,
      "specificity_score": 0.678,
      "biochemical_properties": {
        "length": 116,
        "molecular_weight": 13426.71919999999,
        "isoelectric_point": 7.0898344039916985,
        "gravy": -0.538793103448276,
        "instability_index": 25.964741379310336,
        "aromaticity": 0.17241379310344826,
        "secondary_structure_fraction": [
          0.21551724137931036,
          0.27586206896551724,
          0.39655172413793105
        ],
        "molar_extinction_coefficient": [
          54430,
          54555
        ],
        "amino_acid_composition": {
          "A": 0.06896551724137931,
          "C": 0.017241379310344827,
          "D": 0.04310344827586207,
          "E": 0.04310344827586207,
          "F": 0.04310344827586207,
          "G": 0.10344827586206896,
          "H": 0.02586206896551724,
          "I": 0.008620689655172414,
          "K": 0.017241379310344827,
          "L": 0.06896551724137931,
          "M": 0.017241379310344827,
          "N": 0.034482758620689655,
          "P": 0.017241379310344827,
          "Q": 0.06896551724137931,
          "R": 0.06896551724137931,
          "S": 0.07758620689655173,
          "T": 0.07758620689655173,
          "V": 0.06896551724137931,
          "W": 0.06896551724137931,
          "Y": 0.06034482758620689
        },
        "charge_at_ph7": 3
      },
      "genetic_code": "GAGGTGCAGCTGGTGGAGTCCGGCGGCGGCCTGGTGCAGCCCGGCGGCTCCCTGCGCCTGTCCTGCGCTGCTTCCCGCAACCGCACCACCTGGTTCGCTCAGTACTGGGTGCGCCAGGCTCCCGGCAAGGGCCTGGAGTGGGTGCGCTTCTACTGGTGGACCGAGCAGCACCACGACTTCCAGAACCGCTACCGCTTCACCATCTCCGCTGACACCTCCAAGAACACCGCTTACCTGCAGATGAACTCCCTGCGCGCTGAGGACACCGCTGTGTACTACTGCTGGGGCGGCGACGGCTTCCACTGGATGGACTACTGGGGCCAGGGCACCCTGGTGACCGTGTCCTCC",
      "feasibility_score": 0.977,
      "feasibility_category": "Excellent",
      "passes": [
        "Length OK (116 residues)",
        "Cysteine count OK (2, all can form disulfides)",
        "No problematic motifs detected",
        "Isoelectric point OK (pI = 7.09)",
        "Hydrophobicity OK (GRAVY = -0.54)",
        "Stable protein (instability index = 26.0)",
        "Good sequence complexity (0.83)"
      ],
      "warnings": [],
      "issues": [],
      "critical_issues": [],
      "manufacturing_risks": [
        "Protease cleavage site: AP",
        "Oxidation risk: High tryptophan count (8)",
        "Isomerization risk at position 70"
      ],
      "recommendations": [
        "Good candidate for immediate synthesis and testing",
        "Consider mutation to remove protease sites",
        "Validate binding with computational docking",
        "Test expression in mammalian system (HEK293 or CHO)"
      ],
      "scientific_support_score": 0.635,
      "supporting_papers": [
        "25253727"
      ],
      "evidence_statements": [],
      "confidence_level": "Medium",
      "combined_score": 0.8288,
      "evidence_score": 0.602
    },
    {
      "candidate_id": "DES_L755S_002_545bdbe9",
      "sequence": "EVQLVESGGGLVQPGGSLRLSCAASGYNRFFRYYSWVRQAPGKGLEWVHRLHYHRRFWHKFWASRFTISADTSKNTAYLQMNSLRAEDTAVYYCWGYHGYHAYDWWGQGTLVTVSS",
      "cdr1": "GYNRFFRYYS",
      "cdr2": "HRLHYHRRFWHKFWAS",
      "cdr3": "WGYHGYHAYDW",
      "framework": "VH3-23",
      "length": 116,
      "design_confidence": 0.95,
      "binding_optimization": 0.636,
      "stability_score": 0.584,
      "specificity_score": 0.563,
      "biochemical_properties": {
        "length": 116,
        "molecular_weight": 13491.90819999999,
        "isoelectric_point": 9.392930793762208,
        "gravy": -0.4724137931034483,
        "instability_index": 38.66379310344827,
        "aromaticity": 0.18965517241379312,
        "secondary_structure_fraction": [
          0.22413793103448276,
          0.26724137931034486,
          0.396551724137931
        ],
        "molar_extinction_coefficient": [
          53400,
          53525
        ],
        "amino_acid_composition": {
          "A": 0.07758620689655173,
          "C": 0.017241379310344827,
          "D": 0.02586206896551724,
          "E": 0.034482758620689655,
          "F": 0.04310344827586207,
          "G": 0.10344827586206896,
          "H": 0.05172413793103448,
          "I": 0.008620689655172414,
          "K": 0.02586206896551724,
          "L": 0.07758620689655173,
          "M": 0.008620689655172414,
          "N": 0.02586206896551724,
          "P": 0.017241379310344827,
          "Q": 0.04310344827586207,
          "R": 0.07758620689655173,
          "S": 0.09482758620689655,
          "T": 0.05172413793103448,
          "V": 0.06896551724137931,
          "W": 0.06034482758620689,
          "Y": 0.08620689655172414
        },
        "charge_at_ph7": 11
      },
      "genetic_code": "GAGGTGCAGCTGGTGGAGTCCGGCGGCGGCCTGGTGCAGCCCGGCGGCTCCCTGCGCCTGTCCTGCGCTGCTTCCGGCTACAACCGCTTCTTCCGCTACTACTCCTGGGTGCGCCAGGCTCCCGGCAAGGGCCTGGAGTGGGTGCACCGCCTGCACTACCACCGCCGCTTCTGGCACAAGTTCTGGGCTTCCCGCTTCACCATCTCCGCTGACACCTCCAAGAACACCGCTTACCTGCAGATGAACTCCCTGCGCGCTGAGGACACCGCTGTGTACTACTGCTGGGGCTACCACGGCTACCACGCTTACGACTGGTGGGGCCAGGGCACCCTGGTGACCGTGTCCTCC",
      "feasibility_score": 0.864,
      "feasibility_category": "Good",
      "passes": [
        "Length OK (116 residues)",
        "Cysteine count OK (2, all can form disulfides)",
        "No problematic motifs detected",
        "Hydrophobicity OK (GRAVY = -0.47)",
        "Stable protein (instability index = 38.7)",
        "Good sequence complexity (0.77)"
      ],
      "warnings": [
        "Extreme isoelectric point (pI = 9.39) - may affect solubility"
      ],
      "issues": [],
      "critical_issues": [],
      "manufacturing_risks": [
        "Protease cleavage site: AP",
        "Oxidation risk: High tryptophan count (7)",
        "Isomerization risk at position 70"
      ],
      "recommendations": [
        "Good candidate for immediate synthesis and testing",
        "Consider mutation to remove protease sites",
        "Validate binding with computational docking",
        "Test expression in mammalian system (HEK293 or CHO)"
      ],
      "scientific_support_score": 0.635,
      "supporting_papers": [
        "25253727"
      ],
      "evidence_statements": [],
      "confidence_level": "Medium",
      "combined_score": 0.7949,
      "evidence_score": 0.602
    },
    {
      "candidate_id": "DES_L755S_001_bb9d03f6",
      "sequence": "EVQLVESGGGLVQPGGSLRLSCAASHGNTWRSRNQWVRQAPGKGLEWVRQQFFRWTWYYFWFLWRFTISADTSKNTAYLQMNSLRAEDTAVYYCWRGDHFYARDYWGQGTLVTVSS",
      "cdr1": "HGNTWRSRNQ",
      "cdr2": "RQQFFRWTWYYFWFLW",
      "cdr3": "WRGDHFYARDY",
      "framework": "VH3-23",
      "length": 116,
      "design_confidence": 0.95,
      "binding_optimization": 0.636,
      "stability_score": 0.589,
      "specificity_score": 0.736,
      "biochemical_properties": {
        "length": 116,
        "molecular_weight": 13602.017299999987,
        "isoelectric_point": 9.34322566986084,
        "gravy": -0.4931034482758621,
        "instability_index": 36.49060344827586,
        "aromaticity": 0.1896551724137931,
        "secondary_structure_fraction": [
          0.20689655172413793,
          0.2672413793103448,
          0.4137931034482758
        ],