{
  "report_id": "HER2_Report_L755S_20260130_223402",
  "mutation": "L755S",
  "timestamp": "2026-01-30T22:34:02.668437",
  "summary": {
    "candidates_generated": 3,
    "top_score": 0.8144,
    "average_feasibility": 0.739
  },
  "evidence_found": {
    "similar_mutations": 5,
    "relevant_papers": 1,
    "evidence_score": 0.602
  },
  "top_candidates": [
    {
      "candidate_id": "DES_L755S_002_c6eb30eb",
      "sequence": "QVQLQESGPGLVKPSETLSLTCTVSYTYCYCFTWTWVRQAPGKGLEWVWLKWSFARYRQFYYWWRFTISADTSKNTAYLQMNSLRAEDTAVYYCHGGFHFHRMDYWGQGTLVTVSS",
      "cdr1": "YTYCYCFTWT",
      "cdr2": "WLKWSFARYRQFYYWW",
      "cdr3": "HGGFHFHRMDY",
      "framework": "VH4-34",
      "length": 116,
      "design_confidence": 0.95,
      "binding_optimization": 0.636,
      "stability_score": 0.584,
      "specificity_score": 0.851,
      "biochemical_properties": {
        "length": 116,
        "molecular_weight": 13728.34919999999,
        "isoelectric_point": 8.715883827209474,
        "gravy": -0.3370689655172414,
        "instability_index": 20.305258620689653,
        "aromaticity": 0.20689655172413793,
        "secondary_structure_fraction": [
          0.21551724137931033,
          0.22413793103448276,
          0.4655172413793103
        ],
        "molar_extinction_coefficient": [
          58900,
          59150
        ],
        "amino_acid_composition": {
          "A": 0.05172413793103448,
          "C": 0.034482758620689655,
          "D": 0.02586206896551724,
          "E": 0.034482758620689655,
          "F": 0.05172413793103448,
          "G": 0.06896551724137931,
          "H": 0.02586206896551724,
          "I": 0.008620689655172414,
          "K": 0.034482758620689655,
          "L": 0.07758620689655173,
          "M": 0.017241379310344827,
          "N": 0.017241379310344827,
          "P": 0.02586206896551724,
          "Q": 0.06034482758620689,
          "R": 0.05172413793103448,
          "S": 0.08620689655172414,
          "T": 0.10344827586206896,
          "V": 0.06896551724137931,
          "W": 0.06896551724137931,
          "Y": 0.08620689655172414
        },
        "charge_at_ph7": 6
      },
      "feasibility_score": 0.929,
      "feasibility_category": "Excellent",
      "passes": [
        "Length OK (116 residues)",
        "Cysteine count OK (4, all can form disulfides)",
        "No problematic motifs detected",
        "Isoelectric point OK (pI = 8.72)",
        "Hydrophobicity OK (GRAVY = -0.34)",
        "Stable protein (instability index = 20.3)",
        "Good sequence complexity (0.83)"
      ],
      "warnings": [],
      "issues": [],
      "critical_issues": [],
      "manufacturing_risks": [
        "Aggregation risk: 5 consecutive hydrophobic residues",
        "Protease cleavage site: GP",
        "Oxidation risk: High tryptophan count (8)",
        "Isomerization risk at position 70"
      ],
      "recommendations": [
        "Good candidate for immediate synthesis and testing",
        "Consider adding solubility tags or optimizing hydrophobic patches",
        "Validate binding with computational docking",
        "Test expression in mammalian system (HEK293 or CHO)"
      ],
      "scientific_support_score": 0.635,
      "supporting_papers": [
        "25253727"
      ],
      "evidence_statements": [],
      "confidence_level": "Medium",
      "combined_score": 0.8144,
      "evidence_score": 0.602
    },
    {
      "candidate_id": "DES_L755S_003_9be9bc90",
      "sequence": "QVQLQESGPGLVKPSETLSLTCTVSWRHHYYWQSNWVRQAPGKGLEWVLHRHQFHHFRFMRNHERFTISADTSKNTAYLQMNSLRAEDTAVYYCWRGDGFYWMFWWGQGTLVTVSS",
      "cdr1": "WRHHYYWQSN",
      "cdr2": "LHRHQFHHFRFMRNHE",
      "cdr3": "WRGDGFYWMFW",
      "framework": "VH4-34",
      "length": 116,
      "design_confidence": 0.95,
      "binding_optimization": 0.636,
      "stability_score": 0.602,
      "specificity_score": 0.506,
      "biochemical_properties": {
        "length": 116,
        "molecular_weight": 13844.381699999989,
        "isoelectric_point": 9.068719291687014,
        "gravy": -0.5913793103448283,
        "instability_index": 35.82681034482758,
        "aromaticity": 0.17241379310344826,
        "secondary_structure_fraction": [
          0.21551724137931033,
          0.24137931034482757,
          0.4051724137931034
        ],
        "molar_extinction_coefficient": [
          52940,
          53065
        ],
        "amino_acid_composition": {
          "A": 0.04310344827586207,
          "C": 0.017241379310344827,
          "D": 0.02586206896551724,
          "E": 0.04310344827586207,
          "F": 0.05172413793103448,
          "G": 0.06896551724137931,
          "H": 0.06034482758620689,
          "I": 0.008620689655172414,
          "K": 0.02586206896551724,
          "L": 0.07758620689655173,
          "M": 0.02586206896551724,
          "N": 0.034482758620689655,
          "P": 0.02586206896551724,
          "Q": 0.06896551724137931,
          "R": 0.06896551724137931,
          "S": 0.08620689655172414,
          "T": 0.07758620689655173,
          "V": 0.06896551724137931,
          "W": 0.06896551724137931,
          "Y": 0.05172413793103448
        },
        "charge_at_ph7": 10
      },
      "feasibility_score": 0.864,
      "feasibility_category": "Good",
      "passes": [
        "Length OK (116 residues)",
        "Cysteine count OK (2, all can form disulfides)",
        "No problematic motifs detected",
        "Hydrophobicity OK (GRAVY = -0.59)",
        "Stable protein (instability index = 35.8)",
        "Good sequence complexity (0.85)"
      ],
      "warnings": [
        "Extreme isoelectric point (pI = 9.07) - may affect solubility"
      ],
      "issues": [],
      "critical_issues": [],
      "manufacturing_risks": [
        "Protease cleavage site: GP",
        "Oxidation risk: High tryptophan count (8)",
        "Isomerization risk at position 70"
      ],
      "recommendations": [
        "Good candidate for immediate synthesis and testing",
        "Consider mutation to remove protease sites",
        "Validate binding with computational docking",
        "Test expression in mammalian system (HEK293 or CHO)"
      ],
      "scientific_support_score": 0.635,
      "supporting_papers": [
        "25253727"
      ],
      "evidence_statements": [],
      "confidence_level": "Medium",
      "combined_score": 0.7949,
      "evidence_score": 0.602
    },
    {
      "candidate_id": "DES_L755S_001_10b70f59",
      "sequence": "QVQLQESGPGLVKPSETLSLTCTVSYWYRYFRCRHWVRQAPGKGLEWVHDYLIEHYHTWFHSRLRFTISADTSKNTAYLQMNSLRAEDTAVYYCWGHRGFRAWRHWGQGTLVTVSS",
      "cdr1": "YWYRYFRCRH",
      "cdr2": "HDYLIEHYHTWFHSRL",
      "cdr3": "WGHRGFRAWRH",
      "framework": "VH4-34",
      "length": 116,
      "design_confidence": 0.6399999999999999,
      "binding_optimization": 0.727,
      "stability_score": 0.602,
      "specificity_score": 0.391,
      "biochemical_properties": {
        "length": 116,
        "molecular_weight": 13757.326299999986,
        "isoelectric_point": 9.332846260070802,
        "gravy": -0.5413793103448278,
        "instability_index": 31.11982758620689,
        "aromaticity": 0.16379310344827586,
        "secondary_structure_fraction": [
          0.21551724137931036,
          0.22413793103448276,
          0.4224137931034483
        ],
        "molar_extinction_coefficient": [
          50420,
          50545
        ],
        "amino_acid_composition": {
          "A": 0.05172413793103448,
          "C": 0.02586206896551724,
          "D": 0.02586206896551724,
          "E": 0.04310344827586207,
          "F": 0.034482758620689655,
          "G": 0.06896551724137931,
          "H": 0.06034482758620689,
          "I": 0.017241379310344827,
          "K": 0.02586206896551724,
          "L": 0.08620689655172414,
          "M": 0.008620689655172414,
          "N": 0.017241379310344827,
          "P": 0.02586206896551724,
          "Q": 0.05172413793103448,
          "R": 0.08620689655172414,