{
  "report_id": "HER2_Report_L755S_20260130_223401",
  "mutation": "L755S",
  "timestamp": "2026-01-30T22:34:01.689449",
  "summary": {
    "candidates_generated": 3,
    "top_score": 0.8144,
    "average_feasibility": 0.5696666666666667
  },
  "evidence_found": {
    "similar_mutations": 5,
    "relevant_papers": 1,
    "evidence_score": 0.602
  },
  "top_candidates": [
    {
      "candidate_id": "DES_L755S_002_5cad4b06",
      "sequence": "EVQLVESGGGLVQPGGSLRLSCAASRYYTWSHFFWWVRQAPGKGLEWVHWAMFWSWVQWEYHEHRFTISADTSKNTAYLQMNSLRAEDTAVYYCYGGDGHFYMHFWGQGTLVTVSS",
      "cdr1": "RYYTWSHFFW",
      "cdr2": "HWAMFWSWVQWEYHEH",
      "cdr3": "YGGDGHFYMHF",
      "framework": "VH3-23",
      "length": 116,
      "design_confidence": 0.95,
      "binding_optimization": 0.545,
      "stability_score": 0.576,
      "specificity_score": 0.736,
      "biochemical_properties": {
        "length": 116,
        "molecular_weight": 13482.886299999987,
        "isoelectric_point": 6.299999809265137,
        "gravy": -0.2982758620689654,
        "instability_index": 29.156982758620682,
        "aromaticity": 0.19827586206896552,
        "secondary_structure_fraction": [
          0.2327586206896552,
          0.25862068965517243,
          0.41379310344827586
        ],
        "molar_extinction_coefficient": [
          61420,
          61545
        ],
        "amino_acid_composition": {
          "A": 0.06896551724137931,
          "C": 0.017241379310344827,
          "D": 0.02586206896551724,
          "E": 0.05172413793103448,
          "F": 0.05172413793103448,
          "G": 0.10344827586206896,
          "H": 0.05172413793103448,
          "I": 0.008620689655172414,
          "K": 0.017241379310344827,
          "L": 0.06896551724137931,
          "M": 0.02586206896551724,
          "N": 0.017241379310344827,
          "P": 0.017241379310344827,
          "Q": 0.05172413793103448,
          "R": 0.04310344827586207,
          "S": 0.09482758620689655,
          "T": 0.06034482758620689,
          "V": 0.07758620689655173,
          "W": 0.07758620689655173,
          "Y": 0.06896551724137931
        },
        "charge_at_ph7": 4
      },
      "feasibility_score": 0.929,
      "feasibility_category": "Excellent",
      "passes": [
        "Length OK (116 residues)",
        "Cysteine count OK (2, all can form disulfides)",
        "No problematic motifs detected",
        "Isoelectric point OK (pI = 6.30)",
        "Hydrophobicity OK (GRAVY = -0.30)",
        "Stable protein (instability index = 29.2)",
        "Good sequence complexity (0.82)"
      ],
      "warnings": [],
      "issues": [],
      "critical_issues": [],
      "manufacturing_risks": [
        "Aggregation risk: 5 consecutive hydrophobic residues",
        "Protease cleavage site: AP",
        "Oxidation risk: High tryptophan count (9)",
        "Isomerization risk at position 70"
      ],
      "recommendations": [
        "Good candidate for immediate synthesis and testing",
        "Consider adding solubility tags or optimizing hydrophobic patches",
        "Validate binding with computational docking",
        "Test expression in mammalian system (HEK293 or CHO)"
      ],
      "scientific_support_score": 0.635,
      "supporting_papers": [
        "25253727"
      ],
      "evidence_statements": [],
      "confidence_level": "Medium",
      "combined_score": 0.8144,
      "evidence_score": 0.602
    },
    {
      "candidate_id": "DES_L755S_001_a0be0efc",
      "sequence": "QVQLQESGPGLVKPSETLSLTCTVSTYRTYRCSGRWVRQAPGKGLEWVWYSFIFRWFTFWKRDFRFTISADTSKNTAYLQMNSLRAEDTAVYYCHGGDRFRAMDYWGQGTLVTVSS",
      "cdr1": "TYRTYRCSGR",
      "cdr2": "WYSFIFRWFTFWKRDF",
      "cdr3": "HGGDRFRAMDY",
      "framework": "VH4-34",
      "length": 116,
      "design_confidence": 0.6399999999999999,
      "binding_optimization": 0.455,
      "stability_score": 0.602,
      "specificity_score": 0.621,
      "biochemical_properties": {
        "length": 116,
        "molecular_weight": 13507.079099999984,
        "isoelectric_point": 9.332330513000489,
        "gravy": -0.4198275862068964,
        "instability_index": 33.137931034482754,
        "aromaticity": 0.1724137931034483,
        "secondary_structure_fraction": [
          0.20689655172413796,
          0.2586206896551724,
          0.43103448275862066
        ],
        "molar_extinction_coefficient": [
          43430,
          43555
        ],
        "amino_acid_composition": {
          "A": 0.05172413793103448,
          "C": 0.02586206896551724,
          "D": 0.04310344827586207,
          "E": 0.034482758620689655,
          "F": 0.06034482758620689,
          "G": 0.07758620689655173,
          "H": 0.008620689655172414,
          "I": 0.017241379310344827,
          "K": 0.034482758620689655,
          "L": 0.06896551724137931,
          "M": 0.017241379310344827,
          "N": 0.017241379310344827,
          "P": 0.02586206896551724,
          "Q": 0.05172413793103448,
          "R": 0.08620689655172414,
          "S": 0.09482758620689655,
          "T": 0.10344827586206896,
          "V": 0.06896551724137931,
          "W": 0.05172413793103448,
          "Y": 0.06034482758620689
        },
        "charge_at_ph7": 6
      },
      "feasibility_score": 0.424,
      "feasibility_category": "Poor",
      "passes": [
        "Length OK (116 residues)",
        "No problematic motifs detected",
        "Hydrophobicity OK (GRAVY = -0.42)",
        "Stable protein (instability index = 33.1)",
        "Good sequence complexity (0.83)"
      ],
      "warnings": [
        "Extreme isoelectric point (pI = 9.33) - may affect solubility"
      ],
      "issues": [],
      "critical_issues": [
        "Odd number of cysteines (3) - cannot form proper disulfide bonds"
      ],
      "manufacturing_risks": [
        "Protease cleavage site: GP",
        "Oxidation risk: High tryptophan count (6)",
        "Isomerization risk at position 70"
      ],
      "recommendations": [
        "Not recommended for synthesis without major redesign",
        "Fix critical issues first: Odd number of cysteines (3) - cannot form proper disulfide bonds",
        "Consider mutation to remove protease sites",
        "Validate binding with computational docking",
        "Test expression in mammalian system (HEK293 or CHO)"
      ],
      "scientific_support_score": 0.542,
      "supporting_papers": [
        "25253727"
      ],
      "evidence_statements": [],
      "confidence_level": "Medium",
      "combined_score": 0.5419999999999999,
      "evidence_score": 0.602
    },
    {
      "candidate_id": "DES_L755S_003_823825cb",
      "sequence": "QVQLQESGPGLVKPSETLSLTCTVSSRYRCNAWRRWVRQAPGKGLEWVHHYFHWFFWWFHYRHWRFTISADTSKNTAYLQMNSLRAEDTAVYYCWGGRGYHAMDYWGQGTLVTVSS",
      "cdr1": "SRYRCNAWRR",
      "cdr2": "HHYFHWFFWWFHYRHW",
      "cdr3": "WGGRGYHAMDY",
      "framework": "VH4-34",
      "length": 116,
      "design_confidence": 0.6399999999999999,
      "binding_optimization": 0.455,
      "stability_score": 0.593,
      "specificity_score": 0.563,
      "biochemical_properties": {
        "length": 116,
        "molecular_weight": 13787.331999999988,
        "isoelectric_point": 9.333168601989748,
        "gravy": -0.5362068965517243,
        "instability_index": 40.805172413793095,
        "aromaticity": 0.18965517241379312,
        "secondary_structure_fraction": [
          0.20689655172413793,
          0.2413793103448276,
          0.4137931034482759
        ],
        "molar_extinction_coefficient": [
          61420,
          61545
        ],
        "amino_acid_composition": {
          "A": 0.06034482758620689,
          "C": 0.02586206896551724,
          "D": 0.02586206896551724,
          "E": 0.034482758620689655,
          "F": 0.04310344827586207,
          "G": 0.07758620689655173,
          "H": 0.05172413793103448,
          "I": 0.008620689655172414,
          "K": 0.02586206896551724,
          "L": 0.06896551724137931,