{
  "report_id": "HER2_Report_L755S_20260130_230903",
  "mutation": "L755S",
  "timestamp": "2026-01-30T23:09:03.993760",
  "summary": {
    "candidates_generated": 3,
    "top_score": 0.7649,
    "average_feasibility": 0.5396666666666666
  },
  "evidence_found": {
    "similar_mutations": 5,
    "relevant_papers": 1,
    "evidence_score": 0.602
  },
  "top_candidates": [
    {
      "candidate_id": "DES_L755S_003_be3df83f",
      "sequence": "QVQLQESGPGLVKPSETLSLTCTVSHWWSRSWYRWWVRQAPGKGLEWVFVHNYHRHFHRRNRRWRFTISADTSKNTAYLQMNSLRAEDTAVYYCFWGDGFFAMRHWGQGTLVTVSS",
      "cdr1": "HWWSRSWYRW",
      "cdr2": "FVHNYHRHFHRRNRRW",
      "cdr3": "FWGDGFFAMRH",
      "framework": "VH4-34",
      "length": 116,
      "design_confidence": 0.95,
      "binding_optimization": 0.545,
      "stability_score": 0.602,
      "specificity_score": 0.448,
      "biochemical_properties": {
        "length": 116,
        "molecular_weight": 13826.396399999985,
        "isoelectric_point": 10.014599418640138,
        "gravy": -0.5905172413793107,
        "instability_index": 49.8146551724138,
        "aromaticity": 0.1724137931034483,
        "secondary_structure_fraction": [
          0.19827586206896552,
          0.24999999999999997,
          0.4051724137931034
        ],
        "molar_extinction_coefficient": [
          56950,
          57075
        ],
        "amino_acid_composition": {
          "A": 0.05172413793103448,
          "C": 0.017241379310344827,
          "D": 0.02586206896551724,
          "E": 0.034482758620689655,
          "F": 0.05172413793103448,
          "G": 0.06896551724137931,
          "H": 0.05172413793103448,
          "I": 0.008620689655172414,
          "K": 0.02586206896551724,
          "L": 0.06896551724137931,
          "M": 0.017241379310344827,
          "N": 0.034482758620689655,
          "P": 0.02586206896551724,
          "Q": 0.05172413793103448,
          "R": 0.09482758620689655,
          "S": 0.09482758620689655,
          "T": 0.07758620689655173,
          "V": 0.07758620689655173,
          "W": 0.07758620689655173,
          "Y": 0.04310344827586207
        },
        "charge_at_ph7": 13
      },
      "genetic_code": "CAGGTGCAGCTGCAGGAGTCCGGCCCCGGCCTGGTGAAGCCCTCCGAGACCCTGTCCCTGACCTGCACCGTGTCCCACTGGTGGTCCCGCTCCTGGTACCGCTGGTGGGTGCGCCAGGCTCCCGGCAAGGGCCTGGAGTGGGTGTTCGTGCACAACTACCACCGCCACTTCCACCGCCGCAACCGCCGCTGGCGCTTCACCATCTCCGCTGACACCTCCAAGAACACCGCTTACCTGCAGATGAACTCCCTGCGCGCTGAGGACACCGCTGTGTACTACTGCTTCTGGGGCGACGGCTTCTTCGCTATGCGCCACTGGGGCCAGGGCACCCTGGTGACCGTGTCCTCC",
      "feasibility_score": 0.764,
      "feasibility_category": "Moderate",
      "passes": [
        "Length OK (116 residues)",
        "Cysteine count OK (2, all can form disulfides)",
        "No problematic motifs detected",
        "Hydrophobicity OK (GRAVY = -0.59)",
        "Good sequence complexity (0.84)"
      ],
      "warnings": [
        "Extreme isoelectric point (pI = 10.01) - may affect solubility",
        "Potentially unstable (instability index = 49.8)"
      ],
      "issues": [],
      "critical_issues": [],
      "manufacturing_risks": [
        "Protease cleavage site: GP",
        "Oxidation risk: High tryptophan count (9)",
        "Isomerization risk at position 70"
      ],
      "recommendations": [
        "Moderate candidate - consider optimization before synthesis",
        "Consider mutation to remove protease sites",
        "Validate binding with computational docking",
        "Test expression in mammalian system (HEK293 or CHO)"
      ],
      "scientific_support_score": 0.635,
      "supporting_papers": [
        "25253727"
      ],
      "evidence_statements": [],
      "confidence_level": "Medium",
      "combined_score": 0.7649,
      "evidence_score": 0.602
    },
    {
      "candidate_id": "DES_L755S_001_41bec802",
      "sequence": "QVQLQESGPGLVKPSETLSLTCTVSHAWSYGCRRFWVRQAPGKGLEWVHHINYWHNWWRFHYFWRFTISADTSKNTAYLQMNSLRAEDTAVYYCWFGYGHWAMYYWGQGTLVTVSS",
      "cdr1": "HAWSYGCRRF",
      "cdr2": "HHINYWHNWWRFHYFW",
      "cdr3": "WFGYGHWAMYY",
      "framework": "VH4-34",
      "length": 116,
      "design_confidence": 0.6399999999999999,
      "binding_optimization": 0.636,
      "stability_score": 0.58,
      "specificity_score": 0.793,
      "biochemical_properties": {
        "length": 116,
        "molecular_weight": 13780.33079999999,
        "isoelectric_point": 8.852814674377441,
        "gravy": -0.3999999999999999,
        "instability_index": 36.838793103448275,
        "aromaticity": 0.20689655172413793,
        "secondary_structure_fraction": [
          0.20689655172413793,
          0.2413793103448276,
          0.43965517241379315
        ],
        "molar_extinction_coefficient": [
          68410,
          68535
        ],
        "amino_acid_composition": {
          "A": 0.06034482758620689,
          "C": 0.02586206896551724,
          "D": 0.017241379310344827,
          "E": 0.034482758620689655,
          "F": 0.04310344827586207,
          "G": 0.07758620689655173,
          "H": 0.05172413793103448,
          "I": 0.017241379310344827,
          "K": 0.02586206896551724,
          "L": 0.06896551724137931,
          "M": 0.017241379310344827,
          "N": 0.034482758620689655,
          "P": 0.02586206896551724,
          "Q": 0.05172413793103448,
          "R": 0.05172413793103448,
          "S": 0.08620689655172414,
          "T": 0.07758620689655173,
          "V": 0.06896551724137931,
          "W": 0.08620689655172414,
          "Y": 0.07758620689655173
        },
        "charge_at_ph7": 9
      },
      "genetic_code": "CAGGTGCAGCTGCAGGAGTCCGGCCCCGGCCTGGTGAAGCCCTCCGAGACCCTGTCCCTGACCTGCACCGTGTCCCACGCTTGGTCCTACGGCTGCCGCCGCTTCTGGGTGCGCCAGGCTCCCGGCAAGGGCCTGGAGTGGGTGCACCACATCAACTACTGGCACAACTGGTGGCGCTTCCACTACTTCTGGCGCTTCACCATCTCCGCTGACACCTCCAAGAACACCGCTTACCTGCAGATGAACTCCCTGCGCGCTGAGGACACCGCTGTGTACTACTGCTGGTTCGGCTACGGCCACTGGGCTATGTACTACTGGGGCCAGGGCACCCTGGTGACCGTGTCCTCC",
      "feasibility_score": 0.48,
      "feasibility_category": "Poor",
      "passes": [
        "Length OK (116 residues)",
        "No problematic motifs detected",
        "Isoelectric point OK (pI = 8.85)",
        "Hydrophobicity OK (GRAVY = -0.40)",
        "Stable protein (instability index = 36.8)",
        "Good sequence complexity (0.84)"
      ],
      "warnings": [],
      "issues": [],
      "critical_issues": [
        "Odd number of cysteines (3) - cannot form proper disulfide bonds"
      ],
      "manufacturing_risks": [
        "Protease cleavage site: GP",
        "Oxidation risk: High tryptophan count (10)",
        "Isomerization risk at position 70"
      ],
      "recommendations": [
        "Not recommended for synthesis without major redesign",
        "Fix critical issues first: Odd number of cysteines (3) - cannot form proper disulfide bonds",
        "Consider mutation to remove protease sites",
        "Validate binding with computational docking",
        "Test expression in mammalian system (HEK293 or CHO)"
      ],
      "scientific_support_score": 0.542,
      "supporting_papers": [
        "25253727"
      ],
      "evidence_statements": [],
      "confidence_level": "Medium",
      "combined_score": 0.5588,
      "evidence_score": 0.602
    },
    {
      "candidate_id": "DES_L755S_002_828b2e56",
      "sequence": "EVQLVESGGGLVQPGGSLRLSCAASHCRHHTAHGRWVRQAPGKGLEWVFNYRWYRHLHYNWRVWRFTISADTSKNTAYLQMNSLRAEDTAVYYCWFRDGFYWMFYWGQGTLVTVSS",
      "cdr1": "HCRHHTAHGR",
      "cdr2": "FNYRWYRHLHYNWRVW",
      "cdr3": "WFRDGFYWMFY",
      "framework": "VH3-23",
      "length": 116,
      "design_confidence": 0.6399999999999999,
      "binding_optimization": 0.727,
      "stability_score": 0.584,
      "specificity_score": 0.563,
      "biochemical_properties": {
        "length": 116,
        "molecular_weight": 13626.17769999999,
        "isoelectric_point": 9.369593238830568,
        "gravy": -0.42327586206896545,
        "instability_index": 40.601034482758614,