{
  "report_id": "HER2_Report_L755S_20260130_223400",
  "mutation": "L755S",
  "timestamp": "2026-01-30T22:34:00.822782",
  "summary": {
    "candidates_generated": 3,
    "top_score": 0.8288,
    "average_feasibility": 0.8540000000000001
  },
  "evidence_found": {
    "similar_mutations": 5,
    "relevant_papers": 1,
    "evidence_score": 0.602
  },
  "top_candidates": [
    {
      "candidate_id": "DES_L755S_003_40d57c1e",
      "sequence": "QVQLQESGPGLVKPSETLSLTCTVSHWNRYLYSWAWVRQAPGKGLEWVYRQYFMWEHHRDQFHSRFTISADTSKNTAYLQMNSLRAEDTAVYYCWGGDGYYRRDYWGQGTLVTVSS",
      "cdr1": "HWNRYLYSWA",
      "cdr2": "YRQYFMWEHHRDQFHS",
      "cdr3": "WGGDGYYRRDY",
      "framework": "VH4-34",
      "length": 116,
      "design_confidence": 0.95,
      "binding_optimization": 0.545,
      "stability_score": 0.602,
      "specificity_score": 0.563,
      "biochemical_properties": {
        "length": 116,
        "molecular_weight": 13658.007999999989,
        "isoelectric_point": 7.973465919494628,
        "gravy": -0.6594827586206897,
        "instability_index": 24.779310344827582,
        "aromaticity": 0.1724137931034483,
        "secondary_structure_fraction": [
          0.21551724137931033,
          0.26724137931034486,
          0.4051724137931034
        ],
        "molar_extinction_coefficient": [
          53400,
          53525
        ],
        "amino_acid_composition": {
          "A": 0.05172413793103448,
          "C": 0.017241379310344827,
          "D": 0.04310344827586207,
          "E": 0.04310344827586207,
          "F": 0.02586206896551724,
          "G": 0.07758620689655173,
          "H": 0.034482758620689655,
          "I": 0.008620689655172414,
          "K": 0.02586206896551724,
          "L": 0.07758620689655173,
          "M": 0.017241379310344827,
          "N": 0.02586206896551724,
          "P": 0.02586206896551724,
          "Q": 0.06896551724137931,
          "R": 0.06896551724137931,
          "S": 0.09482758620689655,
          "T": 0.07758620689655173,
          "V": 0.06896551724137931,
          "W": 0.06034482758620689,
          "Y": 0.08620689655172414
        },
        "charge_at_ph7": 5
      },
      "feasibility_score": 0.977,
      "feasibility_category": "Excellent",
      "passes": [
        "Length OK (116 residues)",
        "Cysteine count OK (2, all can form disulfides)",
        "No problematic motifs detected",
        "Isoelectric point OK (pI = 7.97)",
        "Hydrophobicity OK (GRAVY = -0.66)",
        "Stable protein (instability index = 24.8)",
        "Good sequence complexity (0.84)"
      ],
      "warnings": [],
      "issues": [],
      "critical_issues": [],
      "manufacturing_risks": [
        "Protease cleavage site: GP",
        "Oxidation risk: High tryptophan count (7)",
        "Isomerization risk at position 70"
      ],
      "recommendations": [
        "Good candidate for immediate synthesis and testing",
        "Consider mutation to remove protease sites",
        "Validate binding with computational docking",
        "Test expression in mammalian system (HEK293 or CHO)"
      ],
      "scientific_support_score": 0.635,
      "supporting_papers": [
        "25253727"
      ],
      "evidence_statements": [],
      "confidence_level": "Medium",
      "combined_score": 0.8288,
      "evidence_score": 0.602
    },
    {
      "candidate_id": "DES_L755S_001_bae0441f",
      "sequence": "QVQLQESGPGLVKPSETLSLTCTVSRWFFQFFRAYWVRQAPGKGLEWVYIWFWRFIYVHFFNIHRFTISADTSKNTAYLQMNSLRAEDTAVYYCWGGDGRYYMFFWGQGTLVTVSS",
      "cdr1": "RWFFQFFRAY",
      "cdr2": "YIWFWRFIYVHFFNIH",
      "cdr3": "WGGDGRYYMFF",
      "framework": "VH4-34",
      "length": 116,
      "design_confidence": 0.95,
      "binding_optimization": 0.545,
      "stability_score": 0.563,
      "specificity_score": 0.908,
      "biochemical_properties": {
        "length": 116,
        "molecular_weight": 13742.461299999988,
        "isoelectric_point": 9.007667732238769,
        "gravy": -0.09568965517241383,
        "instability_index": 36.29224137931033,
        "aromaticity": 0.22413793103448273,
        "secondary_structure_fraction": [
          0.19827586206896552,
          0.2327586206896552,
          0.48275862068965514
        ],
        "molar_extinction_coefficient": [
          50420,
          50545
        ],
        "amino_acid_composition": {
          "A": 0.05172413793103448,
          "C": 0.017241379310344827,
          "D": 0.02586206896551724,
          "E": 0.034482758620689655,
          "F": 0.09482758620689655,
          "G": 0.07758620689655173,
          "H": 0.017241379310344827,
          "I": 0.034482758620689655,
          "K": 0.02586206896551724,
          "L": 0.06896551724137931,
          "M": 0.017241379310344827,
          "N": 0.02586206896551724,
          "P": 0.02586206896551724,
          "Q": 0.06034482758620689,
          "R": 0.06034482758620689,
          "S": 0.07758620689655173,
          "T": 0.07758620689655173,
          "V": 0.07758620689655173,
          "W": 0.06034482758620689,
          "Y": 0.06896551724137931
        },
        "charge_at_ph7": 5
      },
      "feasibility_score": 0.821,
      "feasibility_category": "Good",
      "passes": [
        "Length OK (116 residues)",
        "Cysteine count OK (2, all can form disulfides)",
        "No problematic motifs detected",
        "Hydrophobicity OK (GRAVY = -0.10)",
        "Stable protein (instability index = 36.3)",
        "Good sequence complexity (0.81)"
      ],
      "warnings": [
        "Extreme isoelectric point (pI = 9.01) - may affect solubility"
      ],
      "issues": [],
      "critical_issues": [],
      "manufacturing_risks": [
        "Aggregation risk: 7 consecutive hydrophobic residues",
        "Protease cleavage site: GP",
        "Oxidation risk: High tryptophan count (7)",
        "Isomerization risk at position 70"
      ],
      "recommendations": [
        "Good candidate for immediate synthesis and testing",
        "Consider adding solubility tags or optimizing hydrophobic patches",
        "Validate binding with computational docking",
        "Test expression in mammalian system (HEK293 or CHO)"
      ],
      "scientific_support_score": 0.635,
      "supporting_papers": [
        "25253727"
      ],
      "evidence_statements": [],
      "confidence_level": "Medium",
      "combined_score": 0.782,
      "evidence_score": 0.602
    },
    {
      "candidate_id": "DES_L755S_002_0b36899e",
      "sequence": "QVQLQESGPGLVKPSETLSLTCTVSTYARFHGTHYWVRQAPGKGLEWVRVFRAFEWRTEVFRWRRFTISADTSKNTAYLQMNSLRAEDTAVYYCRGGRHFYAMWYWGQGTLVTVSS",
      "cdr1": "TYARFHGTHY",
      "cdr2": "RVFRAFEWRTEVFRWR",
      "cdr3": "RGGRHFYAMWY",
      "framework": "VH4-34",
      "length": 116,
      "design_confidence": 0.95,
      "binding_optimization": 0.636,
      "stability_score": 0.593,
      "specificity_score": 0.563,
      "biochemical_properties": {
        "length": 116,
        "molecular_weight": 13525.125799999987,
        "isoelectric_point": 9.690839195251463,
        "gravy": -0.4172413793103448,
        "instability_index": 40.123362068965506,
        "aromaticity": 0.16379310344827586,
        "secondary_structure_fraction": [
          0.23275862068965517,
          0.21551724137931036,
          0.43103448275862066
        ],
        "molar_extinction_coefficient": [
          43430,
          43555
        ],
        "amino_acid_composition": {
          "A": 0.06896551724137931,
          "C": 0.017241379310344827,
          "D": 0.017241379310344827,
          "E": 0.05172413793103448,
          "F": 0.05172413793103448,
          "G": 0.07758620689655173,
          "H": 0.02586206896551724,
          "I": 0.008620689655172414,
          "K": 0.02586206896551724,
          "L": 0.06896551724137931,
          "M": 0.017241379310344827,
          "N": 0.017241379310344827,
          "P": 0.02586206896551724,
          "Q": 0.05172413793103448,
          "R": 0.09482758620689655,