{
  "report_id": "HER2_Report_L755S_20260130_215440",
  "mutation": "L755S",
  "timestamp": "2026-01-30T21:54:40.342146",
  "summary": {
    "candidates_generated": 3,
    "top_score": 0.8288,
    "average_feasibility": 0.835
  },
  "evidence_found": {
    "similar_mutations": 5,
    "relevant_papers": 1,
    "evidence_score": 0.602
  },
  "top_candidates": [
    {
      "candidate_id": "DES_L755S_003_b7d4cb96",
      "sequence": "QVQLQESGPGLVKPSETLSLTCTVSTYATWGFRNWWVRQAPGKGLEWVDQFAYEWVRHFFLWHHRFTISADTSKNTAYLQMNSLRAEDTAVYYCWWGDGFYAWDYWGQGTLVTVSS",
      "cdr1": "TYATWGFRNW",
      "cdr2": "DQFAYEWVRHFFLWHH",
      "cdr3": "WWGDGFYAWDY",
      "framework": "VH4-34",
      "length": 116,
      "design_confidence": 0.95,
      "binding_optimization": 0.545,
      "stability_score": 0.58,
      "specificity_score": 0.793,
      "biochemical_properties": {
        "length": 116,
        "molecular_weight": 13572.95789999999,
        "isoelectric_point": 5.838637733459472,
        "gravy": -0.3499999999999997,
        "instability_index": 26.869913793103443,
        "aromaticity": 0.19827586206896552,
        "secondary_structure_fraction": [
          0.22413793103448276,
          0.25,
          0.4568965517241379
        ],
        "molar_extinction_coefficient": [
          65430,
          65555
        ],
        "amino_acid_composition": {
          "A": 0.06896551724137931,
          "C": 0.017241379310344827,
          "D": 0.04310344827586207,
          "E": 0.04310344827586207,
          "F": 0.05172413793103448,
          "G": 0.07758620689655173,
          "H": 0.02586206896551724,
          "I": 0.008620689655172414,
          "K": 0.02586206896551724,
          "L": 0.07758620689655173,
          "M": 0.008620689655172414,
          "N": 0.02586206896551724,
          "P": 0.02586206896551724,
          "Q": 0.06034482758620689,
          "R": 0.04310344827586207,
          "S": 0.07758620689655173,
          "T": 0.09482758620689655,
          "V": 0.07758620689655173,
          "W": 0.08620689655172414,
          "Y": 0.06034482758620689
        },
        "charge_at_ph7": 1
      },
      "feasibility_score": 0.977,
      "feasibility_category": "Excellent",
      "passes": [
        "Length OK (116 residues)",
        "Cysteine count OK (2, all can form disulfides)",
        "No problematic motifs detected",
        "Isoelectric point OK (pI = 5.84)",
        "Hydrophobicity OK (GRAVY = -0.35)",
        "Stable protein (instability index = 26.9)",
        "Good sequence complexity (0.83)"
      ],
      "warnings": [],
      "issues": [],
      "critical_issues": [],
      "manufacturing_risks": [
        "Protease cleavage site: GP",
        "Oxidation risk: High tryptophan count (10)",
        "Isomerization risk at position 70"
      ],
      "recommendations": [
        "Good candidate for immediate synthesis and testing",
        "Consider mutation to remove protease sites",
        "Validate binding with computational docking",
        "Test expression in mammalian system (HEK293 or CHO)"
      ],
      "scientific_support_score": 0.635,
      "supporting_papers": [
        "25253727"
      ],
      "evidence_statements": [],
      "confidence_level": "Medium",
      "combined_score": 0.8288,
      "evidence_score": 0.602
    },
    {
      "candidate_id": "DES_L755S_001_4c36a7ea",
      "sequence": "QVQLQESGPGLVKPSETLSLTCTVSRWHFGWYNAYWVRQAPGKGLEWVIYHKRWKWHWYWYRFNRFTISADTSKNTAYLQMNSLRAEDTAVYYCWGGDGFYRMDYWGQGTLVTVSS",
      "cdr1": "RWHFGWYNAY",
      "cdr2": "IYHKRWKWHWYWYRFN",
      "cdr3": "WGGDGFYRMDY",
      "framework": "VH4-34",
      "length": 116,
      "design_confidence": 0.95,
      "binding_optimization": 0.455,
      "stability_score": 0.584,
      "specificity_score": 0.678,
      "biochemical_properties": {
        "length": 116,
        "molecular_weight": 13823.37059999999,
        "isoelectric_point": 9.147306251525883,
        "gravy": -0.5525862068965517,
        "instability_index": 42.397499999999994,
        "aromaticity": 0.20689655172413796,
        "secondary_structure_fraction": [
          0.21551724137931036,
          0.25862068965517243,
          0.43965517241379315
        ],
        "molar_extinction_coefficient": [
          69900,
          70025
        ],
        "amino_acid_composition": {
          "A": 0.05172413793103448,
          "C": 0.017241379310344827,
          "D": 0.034482758620689655,
          "E": 0.034482758620689655,
          "F": 0.034482758620689655,
          "G": 0.08620689655172414,
          "H": 0.02586206896551724,
          "I": 0.017241379310344827,
          "K": 0.04310344827586207,
          "L": 0.06896551724137931,
          "M": 0.017241379310344827,
          "N": 0.034482758620689655,
          "P": 0.02586206896551724,
          "Q": 0.05172413793103448,
          "R": 0.06034482758620689,
          "S": 0.07758620689655173,
          "T": 0.07758620689655173,
          "V": 0.06896551724137931,
          "W": 0.08620689655172414,
          "Y": 0.08620689655172414
        },
        "charge_at_ph7": 7
      },
      "feasibility_score": 0.764,
      "feasibility_category": "Moderate",
      "passes": [
        "Length OK (116 residues)",
        "Cysteine count OK (2, all can form disulfides)",
        "No problematic motifs detected",
        "Hydrophobicity OK (GRAVY = -0.55)",
        "Good sequence complexity (0.82)"
      ],
      "warnings": [
        "Extreme isoelectric point (pI = 9.15) - may affect solubility",
        "Potentially unstable (instability index = 42.4)"
      ],
      "issues": [],
      "critical_issues": [],
      "manufacturing_risks": [
        "Protease cleavage site: GP",
        "Oxidation risk: High tryptophan count (10)",
        "Isomerization risk at position 70"
      ],
      "recommendations": [
        "Moderate candidate - consider optimization before synthesis",
        "Consider mutation to remove protease sites",
        "Validate binding with computational docking",
        "Test expression in mammalian system (HEK293 or CHO)"
      ],
      "scientific_support_score": 0.635,
      "supporting_papers": [
        "25253727"
      ],
      "evidence_statements": [],
      "confidence_level": "Medium",
      "combined_score": 0.7649,
      "evidence_score": 0.602
    },
    {
      "candidate_id": "DES_L755S_002_b4e75622",
      "sequence": "QVQLQESGPGLVKPSETLSLTCTVSWHRSTHWGWRWVRQAPGKGLEWVRWHIWRHRWRWFRYRHRFTISADTSKNTAYLQMNSLRAEDTAVYYCYGGDRFYRMDYWGQGTLVTVSS",
      "cdr1": "WHRSTHWGWR",
      "cdr2": "RWHIWRHRWRWFRYRH",
      "cdr3": "YGGDRFYRMDY",
      "framework": "VH4-34",
      "length": 116,
      "design_confidence": 0.95,
      "binding_optimization": 0.545,
      "stability_score": 0.606,
      "specificity_score": 0.333,
      "biochemical_properties": {
        "length": 116,
        "molecular_weight": 13973.572199999986,
        "isoelectric_point": 10.008797264099119,
        "gravy": -0.7284482758620691,
        "instability_index": 54.202672413793124,
        "aromaticity": 0.1724137931034483,
        "secondary_structure_fraction": [
          0.1896551724137931,
          0.24137931034482762,
          0.41379310344827586
        ],
        "molar_extinction_coefficient": [
          65430,
          65555
        ],
        "amino_acid_composition": {
          "A": 0.04310344827586207,
          "C": 0.017241379310344827,
          "D": 0.034482758620689655,
          "E": 0.034482758620689655,
          "F": 0.02586206896551724,
          "G": 0.07758620689655173,
          "H": 0.04310344827586207,
          "I": 0.017241379310344827,
          "K": 0.02586206896551724,
          "L": 0.06896551724137931,
          "M": 0.017241379310344827,
          "N": 0.017241379310344827,
          "P": 0.02586206896551724,
          "Q": 0.05172413793103448,
          "R": 0.11206896551724138,
          "S": 0.08620689655172414,
          "T": 0.08620689655172414,
          "V": 0.06896551724137931,