{
  "report_id": "HER2_Report_L755S_20260128_130527",
  "mutation": "L755S",
  "timestamp": "2026-01-28T13:05:27.766065",
  "summary": {
    "candidates_generated": 3,
    "top_score": 0.7949,
    "average_feasibility": 0.8496666666666667
  },
  "evidence_found": {
    "similar_mutations": 5,
    "relevant_papers": 1,
    "evidence_score": 0.602
  },
  "top_candidates": [
    {
      "candidate_id": "DES_L755S_002_42c326a1",
      "sequence": "QVQLQESGPGLVKPSETLSLTCTVSFRRTSAFSATWVRQAPGKGLEWVNFWRWTYRYQYWKWSQRFTISADTSKNTAYLQMNSLRAEDTAVYYCWGGYFSFAYHYWGQGTLVTVSS",
      "cdr1": "FRRTSAFSAT",
      "cdr2": "NFWRWTYRYQYWKWSQ",
      "cdr3": "WGGYFSFAYHY",
      "framework": "VH4-34",
      "length": 116,
      "design_confidence": 0.95,
      "binding_optimization": 0.636,
      "stability_score": 0.589,
      "specificity_score": 0.966,
      "biochemical_properties": {
        "length": 116,
        "molecular_weight": 13526.975799999991,
        "isoelectric_point": 9.392221641540527,
        "gravy": -0.421551724137931,
        "instability_index": 30.951724137931024,
        "aromaticity": 0.19827586206896552,
        "secondary_structure_fraction": [
          0.21551724137931033,
          0.25,
          0.4482758620689655
        ],
        "molar_extinction_coefficient": [
          57410,
          57535
        ],
        "amino_acid_composition": {
          "A": 0.06896551724137931,
          "C": 0.017241379310344827,
          "D": 0.017241379310344827,
          "E": 0.034482758620689655,
          "F": 0.05172413793103448,
          "G": 0.06896551724137931,
          "H": 0.008620689655172414,
          "I": 0.008620689655172414,
          "K": 0.034482758620689655,
          "L": 0.06896551724137931,
          "M": 0.008620689655172414,
          "N": 0.02586206896551724,
          "P": 0.02586206896551724,
          "Q": 0.06896551724137931,
          "R": 0.06034482758620689,
          "S": 0.11206896551724138,
          "T": 0.10344827586206896,
          "V": 0.06896551724137931,
          "W": 0.06896551724137931,
          "Y": 0.07758620689655173
        },
        "charge_at_ph7": 6
      },
      "feasibility_score": 0.864,
      "feasibility_category": "Good",
      "passes": [
        "Length OK (116 residues)",
        "Cysteine count OK (2, all can form disulfides)",
        "No problematic motifs detected",
        "Hydrophobicity OK (GRAVY = -0.42)",
        "Stable protein (instability index = 31.0)",
        "Good sequence complexity (0.83)"
      ],
      "warnings": [
        "Extreme isoelectric point (pI = 9.39) - may affect solubility"
      ],
      "issues": [],
      "critical_issues": [],
      "manufacturing_risks": [
        "Protease cleavage site: GP",
        "Oxidation risk: High tryptophan count (8)",
        "Isomerization risk at position 70"
      ],
      "recommendations": [
        "Good candidate for immediate synthesis and testing",
        "Consider mutation to remove protease sites",
        "Validate binding with computational docking",
        "Test expression in mammalian system (HEK293 or CHO)"
      ],
      "scientific_support_score": 0.635,
      "supporting_papers": [
        "25253727"
      ],
      "evidence_statements": [],
      "confidence_level": "Medium",
      "combined_score": 0.7949,
      "evidence_score": 0.602
    },
    {
      "candidate_id": "DES_L755S_003_5757733e",
      "sequence": "QVQLQESGPGLVKPSETLSLTCTVSCHHTGWSNCRWVRQAPGKGLEWVHFEMRYDYRSHYWHRYRFTISADTSKNTAYLQMNSLRAEDTAVYYCWGGDFHRAMHYWGQGTLVTVSS",
      "cdr1": "CHHTGWSNCR",
      "cdr2": "HFEMRYDYRSHYWHRY",
      "cdr3": "WGGDFHRAMHY",
      "framework": "VH4-34",
      "length": 116,
      "design_confidence": 0.95,
      "binding_optimization": 0.545,
      "stability_score": 0.615,
      "specificity_score": 0.448,
      "biochemical_properties": {
        "length": 116,
        "molecular_weight": 13510.951899999987,
        "isoelectric_point": 8.426678657531738,
        "gravy": -0.6008620689655174,
        "instability_index": 45.907758620689634,
        "aromaticity": 0.14655172413793102,
        "secondary_structure_fraction": [
          0.21551724137931033,
          0.25862068965517243,
          0.37931034482758624
        ],
        "molar_extinction_coefficient": [
          44920,
          45170
        ],
        "amino_acid_composition": {
          "A": 0.05172413793103448,
          "C": 0.034482758620689655,
          "D": 0.034482758620689655,
          "E": 0.04310344827586207,
          "F": 0.02586206896551724,
          "G": 0.07758620689655173,
          "H": 0.06034482758620689,
          "I": 0.008620689655172414,
          "K": 0.02586206896551724,
          "L": 0.06896551724137931,
          "M": 0.02586206896551724,
          "N": 0.02586206896551724,
          "P": 0.02586206896551724,
          "Q": 0.05172413793103448,
          "R": 0.06896551724137931,
          "S": 0.09482758620689655,
          "T": 0.08620689655172414,
          "V": 0.06896551724137931,
          "W": 0.05172413793103448,
          "Y": 0.06896551724137931
        },
        "charge_at_ph7": 9
      },
      "feasibility_score": 0.864,
      "feasibility_category": "Good",
      "passes": [
        "Length OK (116 residues)",
        "Cysteine count OK (4, all can form disulfides)",
        "No problematic motifs detected",
        "Isoelectric point OK (pI = 8.43)",
        "Hydrophobicity OK (GRAVY = -0.60)",
        "Good sequence complexity (0.84)"
      ],
      "warnings": [
        "Potentially unstable (instability index = 45.9)"
      ],
      "issues": [],
      "critical_issues": [],
      "manufacturing_risks": [
        "Protease cleavage site: GP",
        "Oxidation risk: High tryptophan count (6)",
        "Isomerization risk at position 70"
      ],
      "recommendations": [
        "Good candidate for immediate synthesis and testing",
        "Consider mutation to remove protease sites",
        "Validate binding with computational docking",
        "Test expression in mammalian system (HEK293 or CHO)"
      ],
      "scientific_support_score": 0.635,
      "supporting_papers": [
        "25253727"
      ],
      "evidence_statements": [],
      "confidence_level": "Medium",
      "combined_score": 0.7949,
      "evidence_score": 0.602
    },
    {
      "candidate_id": "DES_L755S_001_89d342e1",
      "sequence": "EVQLVESGGGLVQPGGSLRLSCAASRNRTSRWWFYWVRQAPGKGLEWVMREWIWMWWHFYFEHDRFTISADTSKNTAYLQMNSLRAEDTAVYYCWWGHGRRAWDYWGQGTLVTVSS",
      "cdr1": "RNRTSRWWFY",
      "cdr2": "MREWIWMWWHFYFEHD",
      "cdr3": "WWGHGRRAWDY",
      "framework": "VH3-23",
      "length": 116,
      "design_confidence": 0.95,
      "binding_optimization": 0.636,
      "stability_score": 0.58,
      "specificity_score": 0.563,
      "biochemical_properties": {
        "length": 116,
        "molecular_weight": 13761.291399999986,
        "isoelectric_point": 8.720267677307131,
        "gravy": -0.47586206896551714,
        "instability_index": 40.07603448275861,
        "aromaticity": 0.1896551724137931,
        "secondary_structure_fraction": [
          0.2327586206896552,
          0.25862068965517243,
          0.4051724137931035
        ],
        "molar_extinction_coefficient": [
          74940,
          75065
        ],
        "amino_acid_composition": {
          "A": 0.06896551724137931,
          "C": 0.017241379310344827,
          "D": 0.034482758620689655,
          "E": 0.05172413793103448,
          "F": 0.034482758620689655,
          "G": 0.09482758620689655,
          "H": 0.02586206896551724,
          "I": 0.017241379310344827,
          "K": 0.017241379310344827,
          "L": 0.06896551724137931,
          "M": 0.02586206896551724,
          "N": 0.02586206896551724,
          "P": 0.017241379310344827,
          "Q": 0.04310344827586207,
          "R": 0.08620689655172414,
          "S": 0.08620689655172414,
          "T": 0.06034482758620689,
          "V": 0.06896551724137931,