{
  "report_id": "HER2_Report_L755S_20260130_215000",
  "mutation": "L755S",
  "timestamp": "2026-01-30T21:50:00.303801",
  "summary": {
    "candidates_generated": 3,
    "top_score": 0.8144,
    "average_feasibility": 0.7226666666666667
  },
  "evidence_found": {
    "similar_mutations": 5,
    "relevant_papers": 1,
    "evidence_score": 0.602
  },
  "top_candidates": [
    {
      "candidate_id": "DES_L755S_003_8aa082c0",
      "sequence": "EVQLVESGGGLVQPGGSLRLSCAASWRYFTWTWHRWVRQAPGKGLEWVDYWWSSFRRVHWYFLWRFTISADTSKNTAYLQMNSLRAEDTAVYYCWHHDHHWAMFYWGQGTLVTVSS",
      "cdr1": "WRYFTWTWHR",
      "cdr2": "DYWWSSFRRVHWYFLW",
      "cdr3": "WHHDHHWAMFY",
      "framework": "VH3-23",
      "length": 116,
      "design_confidence": 0.95,
      "binding_optimization": 0.727,
      "stability_score": 0.572,
      "specificity_score": 0.621,
      "biochemical_properties": {
        "length": 116,
        "molecular_weight": 13840.36789999999,
        "isoelectric_point": 8.700604820251463,
        "gravy": -0.3698275862068965,
        "instability_index": 34.88543103448276,
        "aromaticity": 0.20689655172413793,
        "secondary_structure_fraction": [
          0.21551724137931036,
          0.24137931034482757,
          0.43965517241379315
        ],
        "molar_extinction_coefficient": [
          76430,
          76555
        ],
        "amino_acid_composition": {
          "A": 0.06896551724137931,
          "C": 0.017241379310344827,
          "D": 0.034482758620689655,
          "E": 0.034482758620689655,
          "F": 0.04310344827586207,
          "G": 0.07758620689655173,
          "H": 0.05172413793103448,
          "I": 0.008620689655172414,
          "K": 0.017241379310344827,
          "L": 0.07758620689655173,
          "M": 0.017241379310344827,
          "N": 0.017241379310344827,
          "P": 0.017241379310344827,
          "Q": 0.04310344827586207,
          "R": 0.06896551724137931,
          "S": 0.09482758620689655,
          "T": 0.06896551724137931,
          "V": 0.07758620689655173,
          "W": 0.10344827586206896,
          "Y": 0.06034482758620689
        },
        "charge_at_ph7": 8
      },
      "feasibility_score": 0.929,
      "feasibility_category": "Excellent",
      "passes": [
        "Length OK (116 residues)",
        "Cysteine count OK (2, all can form disulfides)",
        "No problematic motifs detected",
        "Isoelectric point OK (pI = 8.70)",
        "Hydrophobicity OK (GRAVY = -0.37)",
        "Stable protein (instability index = 34.9)",
        "Good sequence complexity (0.82)"
      ],
      "warnings": [],
      "issues": [],
      "critical_issues": [],
      "manufacturing_risks": [
        "Aggregation risk: 5 consecutive hydrophobic residues",
        "Protease cleavage site: AP",
        "Oxidation risk: High tryptophan count (12)",
        "Isomerization risk at position 70"
      ],
      "recommendations": [
        "Good candidate for immediate synthesis and testing",
        "Consider adding solubility tags or optimizing hydrophobic patches",
        "Validate binding with computational docking",
        "Test expression in mammalian system (HEK293 or CHO)"
      ],
      "scientific_support_score": 0.635,
      "supporting_papers": [
        "25253727"
      ],
      "evidence_statements": [],
      "confidence_level": "Medium",
      "combined_score": 0.8144,
      "evidence_score": 0.602
    },
    {
      "candidate_id": "DES_L755S_002_3b5986e9",
      "sequence": "EVQLVESGGGLVQPGGSLRLSCAASHYFHWFFSNHWVRQAPGKGLEWVHWRWHWRYIWWRFIHERFTISADTSKNTAYLQMNSLRAEDTAVYYCFWGWGFYMYDYWGQGTLVTVSS",
      "cdr1": "HYFHWFFSNH",
      "cdr2": "HWRWHWRYIWWRFIHE",
      "cdr3": "FWGWGFYMYDY",
      "framework": "VH3-23",
      "length": 116,
      "design_confidence": 0.95,
      "binding_optimization": 0.636,
      "stability_score": 0.567,
      "specificity_score": 0.678,
      "biochemical_properties": {
        "length": 116,
        "molecular_weight": 13851.38849999999,
        "isoelectric_point": 8.086672401428224,
        "gravy": -0.311206896551724,
        "instability_index": 41.03715517241378,
        "aromaticity": 0.22413793103448276,
        "secondary_structure_fraction": [
          0.20689655172413793,
          0.25,
          0.43965517241379315
        ],
        "molar_extinction_coefficient": [
          72420,
          72545
        ],
        "amino_acid_composition": {
          "A": 0.06034482758620689,
          "C": 0.017241379310344827,
          "D": 0.02586206896551724,
          "E": 0.04310344827586207,
          "F": 0.06034482758620689,
          "G": 0.09482758620689655,
          "H": 0.05172413793103448,
          "I": 0.02586206896551724,
          "K": 0.017241379310344827,
          "L": 0.06896551724137931,
          "M": 0.017241379310344827,
          "N": 0.02586206896551724,
          "P": 0.017241379310344827,
          "Q": 0.04310344827586207,
          "R": 0.06034482758620689,
          "S": 0.08620689655172414,
          "T": 0.05172413793103448,
          "V": 0.06896551724137931,
          "W": 0.09482758620689655,
          "Y": 0.06896551724137931
        },
        "charge_at_ph7": 7
      },
      "feasibility_score": 0.864,
      "feasibility_category": "Good",
      "passes": [
        "Length OK (116 residues)",
        "Cysteine count OK (2, all can form disulfides)",
        "No problematic motifs detected",
        "Isoelectric point OK (pI = 8.09)",
        "Hydrophobicity OK (GRAVY = -0.31)",
        "Good sequence complexity (0.83)"
      ],
      "warnings": [
        "Potentially unstable (instability index = 41.0)"
      ],
      "issues": [],
      "critical_issues": [],
      "manufacturing_risks": [
        "Protease cleavage site: AP",
        "Oxidation risk: High tryptophan count (11)",
        "Isomerization risk at position 70"
      ],
      "recommendations": [
        "Good candidate for immediate synthesis and testing",
        "Consider mutation to remove protease sites",
        "Validate binding with computational docking",
        "Test expression in mammalian system (HEK293 or CHO)"
      ],
      "scientific_support_score": 0.635,
      "supporting_papers": [
        "25253727"
      ],
      "evidence_statements": [],
      "confidence_level": "Medium",
      "combined_score": 0.7949,
      "evidence_score": 0.602
    },
    {
      "candidate_id": "DES_L755S_001_63c3a64f",
      "sequence": "EVQLVESGGGLVQPGGSLRLSCAASRYYWHRNCFGWVRQAPGKGLEWVSRRFTWMRARWHRHHMRFTISADTSKNTAYLQMNSLRAEDTAVYYCWHGDGFFAMDYWGQGTLVTVSS",
      "cdr1": "RYYWHRNCFG",
      "cdr2": "SRRFTWMRARWHRHHM",
      "cdr3": "WHGDGFFAMDY",
      "framework": "VH3-23",
      "length": 116,
      "design_confidence": 0.6399999999999999,
      "binding_optimization": 0.455,
      "stability_score": 0.593,
      "specificity_score": 0.506,
      "biochemical_properties": {
        "length": 116,
        "molecular_weight": 13398.962499999989,
        "isoelectric_point": 9.453273200988772,
        "gravy": -0.435344827586207,
        "instability_index": 43.86551724137931,
        "aromaticity": 0.15517241379310345,
        "secondary_structure_fraction": [
          0.2327586206896552,
          0.26724137931034486,
          0.3620689655172414
        ],
        "molar_extinction_coefficient": [
          47440,
          47565
        ],
        "amino_acid_composition": {
          "A": 0.07758620689655173,
          "C": 0.02586206896551724,
          "D": 0.034482758620689655,
          "E": 0.034482758620689655,
          "F": 0.04310344827586207,
          "G": 0.10344827586206896,
          "H": 0.04310344827586207,
          "I": 0.008620689655172414,
          "K": 0.017241379310344827,
          "L": 0.06896551724137931,
          "M": 0.034482758620689655,
          "N": 0.02586206896551724,
          "P": 0.017241379310344827,
          "Q": 0.04310344827586207,
          "R": 0.09482758620689655,
          "S": 0.08620689655172414,