{
  "report_id": "HER2_Report_L755S_20260130_214934",
  "mutation": "L755S",
  "timestamp": "2026-01-30T21:49:34.930540",
  "summary": {
    "candidates_generated": 3,
    "top_score": 0.8288,
    "average_feasibility": 0.9393333333333334
  },
  "evidence_found": {
    "similar_mutations": 5,
    "relevant_papers": 1,
    "evidence_score": 0.602
  },
  "top_candidates": [
    {
      "candidate_id": "DES_L755S_001_6d08b752",
      "sequence": "QVQLQESGPGLVKPSETLSLTCTVSRYFQWRFYRYWVRQAPGKGLEWVHYNHYYEHVRHERYHFRFTISADTSKNTAYLQMNSLRAEDTAVYYCWGWDGFYARDYWGQGTLVTVSS",
      "cdr1": "RYFQWRFYRY",
      "cdr2": "HYNHYYEHVRHERYHF",
      "cdr3": "WGWDGFYARDY",
      "framework": "VH4-34",
      "length": 116,
      "design_confidence": 0.95,
      "binding_optimization": 0.545,
      "stability_score": 0.593,
      "specificity_score": 0.448,
      "biochemical_properties": {
        "length": 116,
        "molecular_weight": 13895.28599999999,
        "isoelectric_point": 8.574053382873537,
        "gravy": -0.6577586206896556,
        "instability_index": 37.025172413793086,
        "aromaticity": 0.19827586206896552,
        "secondary_structure_fraction": [
          0.20689655172413793,
          0.2327586206896552,
          0.43103448275862066
        ],
        "molar_extinction_coefficient": [
          50880,
          51005
        ],
        "amino_acid_composition": {
          "A": 0.05172413793103448,
          "C": 0.017241379310344827,
          "D": 0.034482758620689655,
          "E": 0.05172413793103448,
          "F": 0.04310344827586207,
          "G": 0.06896551724137931,
          "H": 0.04310344827586207,
          "I": 0.008620689655172414,
          "K": 0.02586206896551724,
          "L": 0.06896551724137931,
          "M": 0.008620689655172414,
          "N": 0.02586206896551724,
          "P": 0.02586206896551724,
          "Q": 0.06034482758620689,
          "R": 0.07758620689655173,
          "S": 0.07758620689655173,
          "T": 0.07758620689655173,
          "V": 0.07758620689655173,
          "W": 0.05172413793103448,
          "Y": 0.10344827586206896
        },
        "charge_at_ph7": 7
      },
      "feasibility_score": 0.977,
      "feasibility_category": "Excellent",
      "passes": [
        "Length OK (116 residues)",
        "Cysteine count OK (2, all can form disulfides)",
        "No problematic motifs detected",
        "Isoelectric point OK (pI = 8.57)",
        "Hydrophobicity OK (GRAVY = -0.66)",
        "Stable protein (instability index = 37.0)",
        "Good sequence complexity (0.83)"
      ],
      "warnings": [],
      "issues": [],
      "critical_issues": [],
      "manufacturing_risks": [
        "Protease cleavage site: GP",
        "Oxidation risk: High tryptophan count (6)",
        "Isomerization risk at position 70"
      ],
      "recommendations": [
        "Good candidate for immediate synthesis and testing",
        "Consider mutation to remove protease sites",
        "Validate binding with computational docking",
        "Test expression in mammalian system (HEK293 or CHO)"
      ],
      "scientific_support_score": 0.635,
      "supporting_papers": [
        "25253727"
      ],
      "evidence_statements": [],
      "confidence_level": "Medium",
      "combined_score": 0.8288,
      "evidence_score": 0.602
    },
    {
      "candidate_id": "DES_L755S_002_ddcb637e",
      "sequence": "QVQLQESGPGLVKPSETLSLTCTVSQWGNWYSHFYWVRQAPGKGLEWVRHWVIYEYVRHERHNRRFTISADTSKNTAYLQMNSLRAEDTAVYYCWGGDGFHFMWFWGQGTLVTVSS",
      "cdr1": "QWGNWYSHFY",
      "cdr2": "RHWVIYEYVRHERHNR",
      "cdr3": "WGGDGFHFMWF",
      "framework": "VH4-34",
      "length": 116,
      "design_confidence": 0.95,
      "binding_optimization": 0.545,
      "stability_score": 0.597,
      "specificity_score": 0.621,
      "biochemical_properties": {
        "length": 116,
        "molecular_weight": 13612.070199999987,
        "isoelectric_point": 8.007053947448732,
        "gravy": -0.477586206896552,
        "instability_index": 33.327672413793096,
        "aromaticity": 0.17241379310344826,
        "secondary_structure_fraction": [
          0.20689655172413793,
          0.25862068965517243,
          0.4224137931034483
        ],
        "molar_extinction_coefficient": [
          54430,
          54555
        ],
        "amino_acid_composition": {
          "A": 0.04310344827586207,
          "C": 0.017241379310344827,
          "D": 0.02586206896551724,
          "E": 0.05172413793103448,
          "F": 0.04310344827586207,
          "G": 0.08620689655172414,
          "H": 0.04310344827586207,
          "I": 0.017241379310344827,
          "K": 0.02586206896551724,
          "L": 0.06896551724137931,
          "M": 0.017241379310344827,
          "N": 0.034482758620689655,
          "P": 0.02586206896551724,
          "Q": 0.06034482758620689,
          "R": 0.06034482758620689,
          "S": 0.08620689655172414,
          "T": 0.07758620689655173,
          "V": 0.08620689655172414,
          "W": 0.06896551724137931,
          "Y": 0.06034482758620689
        },
        "charge_at_ph7": 6
      },
      "feasibility_score": 0.977,
      "feasibility_category": "Excellent",
      "passes": [
        "Length OK (116 residues)",
        "Cysteine count OK (2, all can form disulfides)",
        "No problematic motifs detected",
        "Isoelectric point OK (pI = 8.01)",
        "Hydrophobicity OK (GRAVY = -0.48)",
        "Stable protein (instability index = 33.3)",
        "Good sequence complexity (0.83)"
      ],
      "warnings": [],
      "issues": [],
      "critical_issues": [],
      "manufacturing_risks": [
        "Protease cleavage site: GP",
        "Oxidation risk: High tryptophan count (8)",
        "Isomerization risk at position 70"
      ],
      "recommendations": [
        "Good candidate for immediate synthesis and testing",
        "Consider mutation to remove protease sites",
        "Validate binding with computational docking",
        "Test expression in mammalian system (HEK293 or CHO)"
      ],
      "scientific_support_score": 0.635,
      "supporting_papers": [
        "25253727"
      ],
      "evidence_statements": [],
      "confidence_level": "Medium",
      "combined_score": 0.8288,
      "evidence_score": 0.602
    },
    {
      "candidate_id": "DES_L755S_003_6c7696fb",
      "sequence": "EVQLVESGGGLVQPGGSLRLSCAASYASFTQYRFSWVRQAPGKGLEWVHWHFYFSFFHYRKHTYRFTISADTSKNTAYLQMNSLRAEDTAVYYCWGGWWFYAMHYWGQGTLVTVSS",
      "cdr1": "YASFTQYRFS",
      "cdr2": "HWHFYFSFFHYRKHTY",
      "cdr3": "WGGWWFYAMHY",
      "framework": "VH3-23",
      "length": 116,
      "design_confidence": 0.95,
      "binding_optimization": 0.636,
      "stability_score": 0.572,
      "specificity_score": 0.851,
      "biochemical_properties": {
        "length": 116,
        "molecular_weight": 13476.94459999999,
        "isoelectric_point": 8.96318454742432,
        "gravy": -0.2577586206896551,
        "instability_index": 40.9605172413793,
        "aromaticity": 0.21551724137931036,
        "secondary_structure_fraction": [
          0.22413793103448276,
          0.24999999999999997,
          0.43103448275862066
        ],
        "molar_extinction_coefficient": [
          53400,
          53525
        ],
        "amino_acid_composition": {
          "A": 0.07758620689655173,
          "C": 0.017241379310344827,
          "D": 0.017241379310344827,
          "E": 0.034482758620689655,
          "F": 0.06896551724137931,
          "G": 0.09482758620689655,
          "H": 0.04310344827586207,
          "I": 0.008620689655172414,
          "K": 0.02586206896551724,
          "L": 0.06896551724137931,
          "M": 0.017241379310344827,
          "N": 0.017241379310344827,
          "P": 0.017241379310344827,
          "Q": 0.05172413793103448,
          "R": 0.05172413793103448,
          "S": 0.10344827586206896,
          "T": 0.06896551724137931,
          "V": 0.06896551724137931,