{
  "report_id": "HER2_Report_L755S_20260130_225554",
  "mutation": "L755S",
  "timestamp": "2026-01-30T22:55:54.943654",
  "summary": {
    "candidates_generated": 3,
    "top_score": 0.8144,
    "average_feasibility": 0.7056666666666667
  },
  "evidence_found": {
    "similar_mutations": 5,
    "relevant_papers": 1,
    "evidence_score": 0.602
  },
  "top_candidates": [
    {
      "candidate_id": "DES_L755S_001_3a27768a",
      "sequence": "QVQLQESGPGLVKPSETLSLTCTVSYHQWWYRYNHWVRQAPGKGLEWVWIWTRDVAWFRHTNTHRFTISADTSKNTAYLQMNSLRAEDTAVYYCWRFDHRYAHYYWGQGTLVTVSS",
      "cdr1": "YHQWWYRYNH",
      "cdr2": "WIWTRDVAWFRHTNTH",
      "cdr3": "WRFDHRYAHYY",
      "framework": "VH4-34",
      "length": 116,
      "design_confidence": 0.95,
      "binding_optimization": 0.818,
      "stability_score": 0.593,
      "specificity_score": 0.563,
      "biochemical_properties": {
        "length": 116,
        "molecular_weight": 13880.321299999985,
        "isoelectric_point": 8.982202720642093,
        "gravy": -0.6112068965517243,
        "instability_index": 25.63448275862069,
        "aromaticity": 0.1810344827586207,
        "secondary_structure_fraction": [
          0.19827586206896552,
          0.22413793103448276,
          0.4482758620689655
        ],
        "molar_extinction_coefficient": [
          62910,
          63035
        ],
        "amino_acid_composition": {
          "A": 0.06034482758620689,
          "C": 0.017241379310344827,
          "D": 0.034482758620689655,
          "E": 0.034482758620689655,
          "F": 0.02586206896551724,
          "G": 0.05172413793103448,
          "H": 0.05172413793103448,
          "I": 0.017241379310344827,
          "K": 0.02586206896551724,
          "L": 0.06896551724137931,
          "M": 0.008620689655172414,
          "N": 0.034482758620689655,
          "P": 0.02586206896551724,
          "Q": 0.06034482758620689,
          "R": 0.06896551724137931,
          "S": 0.07758620689655173,
          "T": 0.10344827586206896,
          "V": 0.07758620689655173,
          "W": 0.07758620689655173,
          "Y": 0.07758620689655173
        },
        "charge_at_ph7": 9
      },
      "genetic_code": "CAGGTGCAGCTGCAGGAGTCCGGCCCCGGCCTGGTGAAGCCCTCCGAGACCCTGTCCCTGACCTGCACCGTGTCCTACCACCAGTGGTGGTACCGCTACAACCACTGGGTGCGCCAGGCTCCCGGCAAGGGCCTGGAGTGGGTGTGGATCTGGACCCGCGACGTGGCTTGGTTCCGCCACACCAACACCCACCGCTTCACCATCTCCGCTGACACCTCCAAGAACACCGCTTACCTGCAGATGAACTCCCTGCGCGCTGAGGACACCGCTGTGTACTACTGCTGGCGCTTCGACCACCGCTACGCTCACTACTACTGGGGCCAGGGCACCCTGGTGACCGTGTCCTCC",
      "feasibility_score": 0.929,
      "feasibility_category": "Excellent",
      "passes": [
        "Length OK (116 residues)",
        "Cysteine count OK (2, all can form disulfides)",
        "No problematic motifs detected",
        "Isoelectric point OK (pI = 8.98)",
        "Hydrophobicity OK (GRAVY = -0.61)",
        "Stable protein (instability index = 25.6)",
        "Good sequence complexity (0.86)"
      ],
      "warnings": [],
      "issues": [],
      "critical_issues": [],
      "manufacturing_risks": [
        "Aggregation risk: 5 consecutive hydrophobic residues",
        "Protease cleavage site: GP",
        "Oxidation risk: High tryptophan count (9)",
        "Deamidation risk at position 61"
      ],
      "recommendations": [
        "Good candidate for immediate synthesis and testing",
        "Consider adding solubility tags or optimizing hydrophobic patches",
        "Validate binding with computational docking",
        "Test expression in mammalian system (HEK293 or CHO)"
      ],
      "scientific_support_score": 0.635,
      "supporting_papers": [
        "25253727"
      ],
      "evidence_statements": [],
      "confidence_level": "Medium",
      "combined_score": 0.8144,
      "evidence_score": 0.602
    },
    {
      "candidate_id": "DES_L755S_002_2b95704c",
      "sequence": "EVQLVESGGGLVQPGGSLRLSCAASSFYFRSYTAGWVRQAPGKGLEWVIYHFRTHYRHNRHHRYRFTISADTSKNTAYLQMNSLRAEDTAVYYCWGYDFHYAYWYWGQGTLVTVSS",
      "cdr1": "SFYFRSYTAG",
      "cdr2": "IYHFRTHYRHNRHHRY",
      "cdr3": "WGYDFHYAYWY",
      "framework": "VH3-23",
      "length": 116,
      "design_confidence": 0.95,
      "binding_optimization": 0.727,
      "stability_score": 0.584,
      "specificity_score": 0.621,
      "biochemical_properties": {
        "length": 116,
        "molecular_weight": 13462.81899999999,
        "isoelectric_point": 9.175414466857909,
        "gravy": -0.4482758620689655,
        "instability_index": 41.97939655172412,
        "aromaticity": 0.18965517241379312,
        "secondary_structure_fraction": [
          0.20689655172413793,
          0.25862068965517243,
          0.4137931034482759
        ],
        "molar_extinction_coefficient": [
          45380,
          45505
        ],
        "amino_acid_composition": {
          "A": 0.07758620689655173,
          "C": 0.017241379310344827,
          "D": 0.02586206896551724,
          "E": 0.034482758620689655,
          "F": 0.04310344827586207,
          "G": 0.09482758620689655,
          "H": 0.05172413793103448,
          "I": 0.017241379310344827,
          "K": 0.017241379310344827,
          "L": 0.06896551724137931,
          "M": 0.008620689655172414,
          "N": 0.02586206896551724,
          "P": 0.017241379310344827,
          "Q": 0.04310344827586207,
          "R": 0.07758620689655173,
          "S": 0.09482758620689655,
          "T": 0.06896551724137931,
          "V": 0.06896551724137931,
          "W": 0.04310344827586207,
          "Y": 0.10344827586206896
        },
        "charge_at_ph7": 10
      },
      "genetic_code": "GAGGTGCAGCTGGTGGAGTCCGGCGGCGGCCTGGTGCAGCCCGGCGGCTCCCTGCGCCTGTCCTGCGCTGCTTCCTCCTTCTACTTCCGCTCCTACACCGCTGGCTGGGTGCGCCAGGCTCCCGGCAAGGGCCTGGAGTGGGTGATCTACCACTTCCGCACCCACTACCGCCACAACCGCCACCACCGCTACCGCTTCACCATCTCCGCTGACACCTCCAAGAACACCGCTTACCTGCAGATGAACTCCCTGCGCGCTGAGGACACCGCTGTGTACTACTGCTGGGGCTACGACTTCCACTACGCTTACTGGTACTGGGGCCAGGGCACCCTGGTGACCGTGTCCTCC",
      "feasibility_score": 0.764,
      "feasibility_category": "Moderate",
      "passes": [
        "Length OK (116 residues)",
        "Cysteine count OK (2, all can form disulfides)",
        "No problematic motifs detected",
        "Hydrophobicity OK (GRAVY = -0.45)",
        "Good sequence complexity (0.82)"
      ],
      "warnings": [
        "Extreme isoelectric point (pI = 9.18) - may affect solubility",
        "Potentially unstable (instability index = 42.0)"
      ],
      "issues": [],
      "critical_issues": [],
      "manufacturing_risks": [
        "Protease cleavage site: AP",
        "Oxidation risk: High tryptophan count (5)",
        "Isomerization risk at position 70"
      ],
      "recommendations": [
        "Moderate candidate - consider optimization before synthesis",
        "Consider mutation to remove protease sites",
        "Validate binding with computational docking",
        "Test expression in mammalian system (HEK293 or CHO)"
      ],
      "scientific_support_score": 0.635,
      "supporting_papers": [
        "25253727"
      ],
      "evidence_statements": [],
      "confidence_level": "Medium",
      "combined_score": 0.7649,
      "evidence_score": 0.602
    },
    {
      "candidate_id": "DES_L755S_003_19dc09d2",
      "sequence": "EVQLVESGGGLVQPGGSLRLSCAASSYTYTYRHCFWVRQAPGKGLEWVNWWFRRTYHRYWHRYFRFTISADTSKNTAYLQMNSLRAEDTAVYYCWRGDGFWAWYYWGQGTLVTVSS",
      "cdr1": "SYTYTYRHCF",
      "cdr2": "NWWFRRTYHRYWHRYF",
      "cdr3": "WRGDGFWAWYY",
      "framework": "VH3-23",
      "length": 116,
      "design_confidence": 0.6399999999999999,
      "binding_optimization": 0.636,
      "stability_score": 0.58,
      "specificity_score": 0.736,
      "biochemical_properties": {
        "length": 116,
        "molecular_weight": 13722.18719999999,
        "isoelectric_point": 9.272955131530761,
        "gravy": -0.4560344827586207,
        "instability_index": 27.324137931034475,
        "aromaticity": 0.21551724137931036,