{
  "report_id": "HER2_Report_L755S_20260130_230904",
  "mutation": "L755S",
  "timestamp": "2026-01-30T23:09:04.878503",
  "summary": {
    "candidates_generated": 3,
    "top_score": 0.8144,
    "average_feasibility": 0.819
  },
  "evidence_found": {
    "similar_mutations": 5,
    "relevant_papers": 1,
    "evidence_score": 0.602
  },
  "top_candidates": [
    {
      "candidate_id": "DES_L755S_002_b72c038a",
      "sequence": "EVQLVESGGGLVQPGGSLRLSCAASWFFNQHTWNFWVRQAPGKGLEWVSHYDFYFYWYRYRYWVRFTISADTSKNTAYLQMNSLRAEDTAVYYCWHGDGFYAHDYWGQGTLVTVSS",
      "cdr1": "WFFNQHTWNF",
      "cdr2": "SHYDFYFYWYRYRYWV",
      "cdr3": "WHGDGFYAHDY",
      "framework": "VH3-23",
      "length": 116,
      "design_confidence": 0.95,
      "binding_optimization": 0.545,
      "stability_score": 0.572,
      "specificity_score": 0.793,
      "biochemical_properties": {
        "length": 116,
        "molecular_weight": 13608.90829999999,
        "isoelectric_point": 6.455227088928221,
        "gravy": -0.36637931034482757,
        "instability_index": 29.438189655172412,
        "aromaticity": 0.22413793103448276,
        "secondary_structure_fraction": [
          0.19827586206896552,
          0.27586206896551724,
          0.4396551724137931
        ],
        "molar_extinction_coefficient": [
          60390,
          60515
        ],
        "amino_acid_composition": {
          "A": 0.06896551724137931,
          "C": 0.017241379310344827,
          "D": 0.04310344827586207,
          "E": 0.034482758620689655,
          "F": 0.06034482758620689,
          "G": 0.09482758620689655,
          "H": 0.034482758620689655,
          "I": 0.008620689655172414,
          "K": 0.017241379310344827,
          "L": 0.06896551724137931,
          "M": 0.008620689655172414,
          "N": 0.034482758620689655,
          "P": 0.017241379310344827,
          "Q": 0.05172413793103448,
          "R": 0.05172413793103448,
          "S": 0.08620689655172414,
          "T": 0.06034482758620689,
          "V": 0.07758620689655173,
          "W": 0.06896551724137931,
          "Y": 0.09482758620689655
        },
        "charge_at_ph7": 3
      },
      "genetic_code": "GAGGTGCAGCTGGTGGAGTCCGGCGGCGGCCTGGTGCAGCCCGGCGGCTCCCTGCGCCTGTCCTGCGCTGCTTCCTGGTTCTTCAACCAGCACACCTGGAACTTCTGGGTGCGCCAGGCTCCCGGCAAGGGCCTGGAGTGGGTGTCCCACTACGACTTCTACTTCTACTGGTACCGCTACCGCTACTGGGTGCGCTTCACCATCTCCGCTGACACCTCCAAGAACACCGCTTACCTGCAGATGAACTCCCTGCGCGCTGAGGACACCGCTGTGTACTACTGCTGGCACGGCGACGGCTTCTACGCTCACGACTACTGGGGCCAGGGCACCCTGGTGACCGTGTCCTCC",
      "feasibility_score": 0.929,
      "feasibility_category": "Excellent",
      "passes": [
        "Length OK (116 residues)",
        "Cysteine count OK (2, all can form disulfides)",
        "No problematic motifs detected",
        "Isoelectric point OK (pI = 6.46)",
        "Hydrophobicity OK (GRAVY = -0.37)",
        "Stable protein (instability index = 29.4)",
        "Good sequence complexity (0.82)"
      ],
      "warnings": [],
      "issues": [],
      "critical_issues": [],
      "manufacturing_risks": [
        "Aggregation risk: 6 consecutive hydrophobic residues",
        "Protease cleavage site: AP",
        "Oxidation risk: High tryptophan count (8)",
        "Isomerization risk at position 70"
      ],
      "recommendations": [
        "Good candidate for immediate synthesis and testing",
        "Consider adding solubility tags or optimizing hydrophobic patches",
        "Validate binding with computational docking",
        "Test expression in mammalian system (HEK293 or CHO)"
      ],
      "scientific_support_score": 0.635,
      "supporting_papers": [
        "25253727"
      ],
      "evidence_statements": [],
      "confidence_level": "Medium",
      "combined_score": 0.8144,
      "evidence_score": 0.602
    },
    {
      "candidate_id": "DES_L755S_001_a20273a0",
      "sequence": "QVQLQESGPGLVKPSETLSLTCTVSYWQYWHYFYAWVRQAPGKGLEWVRYWRRYKFWDWMYRFYRFTISADTSKNTAYLQMNSLRAEDTAVYYCRFGDGFYWMFYWGQGTLVTVSS",
      "cdr1": "YWQYWHYFYA",
      "cdr2": "RYWRRYKFWDWMYRFY",
      "cdr3": "RFGDGFYWMFY",
      "framework": "VH4-34",
      "length": 116,
      "design_confidence": 0.95,
      "binding_optimization": 0.636,
      "stability_score": 0.563,
      "specificity_score": 0.793,
      "biochemical_properties": {
        "length": 116,
        "molecular_weight": 14125.79629999999,
        "isoelectric_point": 9.09998645782471,
        "gravy": -0.4413793103448275,
        "instability_index": 42.35637931034483,
        "aromaticity": 0.25,
        "secondary_structure_fraction": [
          0.21551724137931033,
          0.22413793103448276,
          0.47413793103448276
        ],
        "molar_extinction_coefficient": [
          68870,
          68995
        ],
        "amino_acid_composition": {
          "A": 0.05172413793103448,
          "C": 0.017241379310344827,
          "D": 0.034482758620689655,
          "E": 0.034482758620689655,
          "F": 0.06034482758620689,
          "G": 0.06896551724137931,
          "H": 0.008620689655172414,
          "I": 0.008620689655172414,
          "K": 0.034482758620689655,
          "L": 0.06896551724137931,
          "M": 0.02586206896551724,
          "N": 0.017241379310344827,
          "P": 0.02586206896551724,
          "Q": 0.06034482758620689,
          "R": 0.06896551724137931,
          "S": 0.07758620689655173,
          "T": 0.07758620689655173,
          "V": 0.06896551724137931,
          "W": 0.07758620689655173,
          "Y": 0.11206896551724138
        },
        "charge_at_ph7": 5
      },
      "genetic_code": "CAGGTGCAGCTGCAGGAGTCCGGCCCCGGCCTGGTGAAGCCCTCCGAGACCCTGTCCCTGACCTGCACCGTGTCCTACTGGCAGTACTGGCACTACTTCTACGCTTGGGTGCGCCAGGCTCCCGGCAAGGGCCTGGAGTGGGTGCGCTACTGGCGCCGCTACAAGTTCTGGGACTGGATGTACCGCTTCTACCGCTTCACCATCTCCGCTGACACCTCCAAGAACACCGCTTACCTGCAGATGAACTCCCTGCGCGCTGAGGACACCGCTGTGTACTACTGCCGCTTCGGCGACGGCTTCTACTGGATGTTCTACTGGGGCCAGGGCACCCTGGTGACCGTGTCCTCC",
      "feasibility_score": 0.764,
      "feasibility_category": "Moderate",
      "passes": [
        "Length OK (116 residues)",
        "Cysteine count OK (2, all can form disulfides)",
        "No problematic motifs detected",
        "Hydrophobicity OK (GRAVY = -0.44)",
        "Good sequence complexity (0.79)"
      ],
      "warnings": [
        "Extreme isoelectric point (pI = 9.10) - may affect solubility",
        "Potentially unstable (instability index = 42.4)"
      ],
      "issues": [],
      "critical_issues": [],
      "manufacturing_risks": [
        "Protease cleavage site: GP",
        "Oxidation risk: High tryptophan count (9)",
        "Isomerization risk at position 70"
      ],
      "recommendations": [
        "Moderate candidate - consider optimization before synthesis",
        "Consider mutation to remove protease sites",
        "Validate binding with computational docking",
        "Test expression in mammalian system (HEK293 or CHO)"
      ],
      "scientific_support_score": 0.635,
      "supporting_papers": [
        "25253727"
      ],
      "evidence_statements": [],
      "confidence_level": "Medium",
      "combined_score": 0.7649,
      "evidence_score": 0.602
    },
    {
      "candidate_id": "DES_L755S_003_171b0097",
      "sequence": "EVQLVESGGGLVQPGGSLRLSCAASQRYYFWNHYSWVRQAPGKGLEWVNRHTYSYAMFYHWHHKRFTISADTSKNTAYLQMNSLRAEDTAVYYCHGHDRFRFMRHWGQGTLVTVSS",
      "cdr1": "QRYYFWNHYS",
      "cdr2": "NRHTYSYAMFYHWHHK",
      "cdr3": "HGHDRFRFMRH",
      "framework": "VH3-23",
      "length": 116,
      "design_confidence": 0.95,
      "binding_optimization": 0.727,
      "stability_score": 0.597,
      "specificity_score": 0.448,
      "biochemical_properties": {
        "length": 116,
        "molecular_weight": 13537.983399999986,
        "isoelectric_point": 9.428904151916505,
        "gravy": -0.5758620689655176,
        "instability_index": 44.31129310344828,
        "aromaticity": 0.16379310344827586,