{
  "report_id": "HER2_Report_L755S_20260128_125325",
  "mutation": "L755S",
  "timestamp": "2026-01-28T12:53:25.870879",
  "summary": {
    "candidates_generated": 3,
    "top_score": 0.8288,
    "average_feasibility": 0.612
  },
  "evidence_found": {
    "similar_mutations": 5,
    "relevant_papers": 1,
    "evidence_score": 0.602
  },
  "top_candidates": [
    {
      "candidate_id": "DES_L755S_003_e661896d",
      "sequence": "QVQLQESGPGLVKPSETLSLTCTVSFAYRHHRNFRWVRQAPGKGLEWVHHFHRLRFYFHFYYEFRFTISADTSKNTAYLQMNSLRAEDTAVYYCWGYDGYYRMDFWGQGTLVTVSS",
      "cdr1": "FAYRHHRNFR",
      "cdr2": "HHFHRLRFYFHFYYEF",
      "cdr3": "WGYDGYYRMDF",
      "framework": "VH4-34",
      "length": 116,
      "design_confidence": 0.95,
      "binding_optimization": 0.545,
      "stability_score": 0.589,
      "specificity_score": 0.448,
      "biochemical_properties": {
        "length": 116,
        "molecular_weight": 13810.333699999988,
        "isoelectric_point": 8.957511329650881,
        "gravy": -0.4775862068965516,
        "instability_index": 33.01396551724137,
        "aromaticity": 0.19827586206896552,
        "secondary_structure_fraction": [
          0.21551724137931033,
          0.2327586206896552,
          0.43103448275862066
        ],
        "molar_extinction_coefficient": [
          36900,
          37025
        ],
        "amino_acid_composition": {
          "A": 0.05172413793103448,
          "C": 0.017241379310344827,
          "D": 0.034482758620689655,
          "E": 0.04310344827586207,
          "F": 0.07758620689655173,
          "G": 0.06896551724137931,
          "H": 0.05172413793103448,
          "I": 0.008620689655172414,
          "K": 0.02586206896551724,
          "L": 0.07758620689655173,
          "M": 0.017241379310344827,
          "N": 0.02586206896551724,
          "P": 0.02586206896551724,
          "Q": 0.05172413793103448,
          "R": 0.07758620689655173,
          "S": 0.07758620689655173,
          "T": 0.07758620689655173,
          "V": 0.06896551724137931,
          "W": 0.034482758620689655,
          "Y": 0.08620689655172414
        },
        "charge_at_ph7": 9
      },
      "feasibility_score": 0.977,
      "feasibility_category": "Excellent",
      "passes": [
        "Length OK (116 residues)",
        "Cysteine count OK (2, all can form disulfides)",
        "No problematic motifs detected",
        "Isoelectric point OK (pI = 8.96)",
        "Hydrophobicity OK (GRAVY = -0.48)",
        "Stable protein (instability index = 33.0)",
        "Good sequence complexity (0.78)"
      ],
      "warnings": [],
      "issues": [],
      "critical_issues": [],
      "manufacturing_risks": [
        "Protease cleavage site: GP",
        "Oxidation risk: High tryptophan count (4)",
        "Isomerization risk at position 70"
      ],
      "recommendations": [
        "Good candidate for immediate synthesis and testing",
        "Consider mutation to remove protease sites",
        "Validate binding with computational docking",
        "Test expression in mammalian system (HEK293 or CHO)"
      ],
      "scientific_support_score": 0.635,
      "supporting_papers": [
        "25253727"
      ],
      "evidence_statements": [],
      "confidence_level": "Medium",
      "combined_score": 0.8288,
      "evidence_score": 0.602
    },
    {
      "candidate_id": "DES_L755S_001_9b774d6e",
      "sequence": "EVQLVESGGGLVQPGGSLRLSCAASYWHNCFSAWHWVRQAPGKGLEWVHFRLRFFYYWWFNWWHRFTISADTSKNTAYLQMNSLRAEDTAVYYCWGGRFFYHRDYWGQGTLVTVSS",
      "cdr1": "YWHNCFSAWH",
      "cdr2": "HFRLRFFYYWWFNWWH",
      "cdr3": "WGGRFFYHRDY",
      "framework": "VH3-23",
      "length": 116,
      "design_confidence": 0.6399999999999999,
      "binding_optimization": 0.727,
      "stability_score": 0.572,
      "specificity_score": 0.736,
      "biochemical_properties": {
        "length": 116,
        "molecular_weight": 13746.254599999986,
        "isoelectric_point": 8.898587226867676,
        "gravy": -0.314655172413793,
        "instability_index": 36.605344827586194,
        "aromaticity": 0.22413793103448276,
        "secondary_structure_fraction": [
          0.20689655172413793,
          0.25862068965517243,
          0.43103448275862066
        ],
        "molar_extinction_coefficient": [
          66920,
          67045
        ],
        "amino_acid_composition": {
          "A": 0.06896551724137931,
          "C": 0.02586206896551724,
          "D": 0.02586206896551724,
          "E": 0.034482758620689655,
          "F": 0.06896551724137931,
          "G": 0.09482758620689655,
          "H": 0.04310344827586207,
          "I": 0.008620689655172414,
          "K": 0.017241379310344827,
          "L": 0.07758620689655173,
          "M": 0.008620689655172414,
          "N": 0.034482758620689655,
          "P": 0.017241379310344827,
          "Q": 0.04310344827586207,
          "R": 0.06896551724137931,
          "S": 0.08620689655172414,
          "T": 0.05172413793103448,
          "V": 0.06896551724137931,
          "W": 0.08620689655172414,
          "Y": 0.06896551724137931
        },
        "charge_at_ph7": 8
      },
      "feasibility_score": 0.456,
      "feasibility_category": "Poor",
      "passes": [
        "Length OK (116 residues)",
        "No problematic motifs detected",
        "Isoelectric point OK (pI = 8.90)",
        "Hydrophobicity OK (GRAVY = -0.31)",
        "Stable protein (instability index = 36.6)",
        "Good sequence complexity (0.76)"
      ],
      "warnings": [],
      "issues": [],
      "critical_issues": [
        "Odd number of cysteines (3) - cannot form proper disulfide bonds"
      ],
      "manufacturing_risks": [
        "Aggregation risk: 7 consecutive hydrophobic residues",
        "Protease cleavage site: AP",
        "Oxidation risk: High tryptophan count (10)",
        "Isomerization risk at position 70"
      ],
      "recommendations": [
        "Not recommended for synthesis without major redesign",
        "Fix critical issues first: Odd number of cysteines (3) - cannot form proper disulfide bonds",
        "Consider adding solubility tags or optimizing hydrophobic patches",
        "Validate binding with computational docking",
        "Test expression in mammalian system (HEK293 or CHO)"
      ],
      "scientific_support_score": 0.542,
      "supporting_papers": [
        "25253727"
      ],
      "evidence_statements": [],
      "confidence_level": "Medium",
      "combined_score": 0.5516,
      "evidence_score": 0.602
    },
    {
      "candidate_id": "DES_L755S_002_331d8bf3",
      "sequence": "QVQLQESGPGLVKPSETLSLTCTVSSRGCRYEYRQWVRQAPGKGLEWVWWFLWNYQYYMMWHHERFTISADTSKNTAYLQMNSLRAEDTAVYYCWGGDWHYARWYWGQGTLVTVSS",
      "cdr1": "SRGCRYEYRQ",
      "cdr2": "WWFLWNYQYYMMWHHE",
      "cdr3": "WGGDWHYARWY",
      "framework": "VH4-34",
      "length": 116,
      "design_confidence": 0.6399999999999999,
      "binding_optimization": 0.636,
      "stability_score": 0.589,
      "specificity_score": 0.736,
      "biochemical_properties": {
        "length": 116,
        "molecular_weight": 13822.339699999993,
        "isoelectric_point": 7.899391746520997,
        "gravy": -0.5655172413793106,
        "instability_index": 46.234482758620686,
        "aromaticity": 0.18965517241379312,
        "secondary_structure_fraction": [
          0.2327586206896552,
          0.2413793103448276,
          0.4224137931034483
        ],
        "molar_extinction_coefficient": [
          69900,
          70025
        ],
        "amino_acid_composition": {
          "A": 0.05172413793103448,
          "C": 0.02586206896551724,
          "D": 0.02586206896551724,
          "E": 0.05172413793103448,
          "F": 0.017241379310344827,
          "G": 0.07758620689655173,
          "H": 0.02586206896551724,
          "I": 0.008620689655172414,
          "K": 0.02586206896551724,
          "L": 0.07758620689655173,
          "M": 0.02586206896551724,
          "N": 0.02586206896551724,