{
  "report_id": "HER2_Report_L755S_20260130_215429",
  "mutation": "L755S",
  "timestamp": "2026-01-30T21:54:29.304565",
  "summary": {
    "candidates_generated": 3,
    "top_score": 0.8288,
    "average_feasibility": 0.8933333333333332
  },
  "evidence_found": {
    "similar_mutations": 5,
    "relevant_papers": 1,
    "evidence_score": 0.602
  },
  "top_candidates": [
    {
      "candidate_id": "DES_L755S_001_0caf81ea",
      "sequence": "EVQLVESGGGLVQPGGSLRLSCAASRRTSTHAFNQWVRQAPGKGLEWVYFEDDEFRYRYFFAYRRFTISADTSKNTAYLQMNSLRAEDTAVYYCWGGDGFYHMDYWGQGTLVTVSS",
      "cdr1": "RRTSTHAFNQ",
      "cdr2": "YFEDDEFRYRYFFAYR",
      "cdr3": "WGGDGFYHMDY",
      "framework": "VH3-23",
      "length": 116,
      "design_confidence": 0.95,
      "binding_optimization": 0.455,
      "stability_score": 0.593,
      "specificity_score": 0.563,
      "biochemical_properties": {
        "length": 116,
        "molecular_weight": 13252.511699999988,
        "isoelectric_point": 6.11334056854248,
        "gravy": -0.4482758620689655,
        "instability_index": 34.65870689655171,
        "aromaticity": 0.1724137931034483,
        "secondary_structure_fraction": [
          0.2327586206896552,
          0.28448275862068967,
          0.3879310344827587
        ],
        "molar_extinction_coefficient": [
          35410,
          35535
        ],
        "amino_acid_composition": {
          "A": 0.07758620689655173,
          "C": 0.017241379310344827,
          "D": 0.05172413793103448,
          "E": 0.05172413793103448,
          "F": 0.06034482758620689,
          "G": 0.10344827586206896,
          "H": 0.017241379310344827,
          "I": 0.008620689655172414,
          "K": 0.017241379310344827,
          "L": 0.06896551724137931,
          "M": 0.017241379310344827,
          "N": 0.02586206896551724,
          "P": 0.017241379310344827,
          "Q": 0.05172413793103448,
          "R": 0.07758620689655173,
          "S": 0.08620689655172414,
          "T": 0.06896551724137931,
          "V": 0.06896551724137931,
          "W": 0.034482758620689655,
          "Y": 0.07758620689655173
        },
        "charge_at_ph7": 1
      },
      "feasibility_score": 0.977,
      "feasibility_category": "Excellent",
      "passes": [
        "Length OK (116 residues)",
        "Cysteine count OK (2, all can form disulfides)",
        "No problematic motifs detected",
        "Isoelectric point OK (pI = 6.11)",
        "Hydrophobicity OK (GRAVY = -0.45)",
        "Stable protein (instability index = 34.7)",
        "Good sequence complexity (0.81)"
      ],
      "warnings": [],
      "issues": [],
      "critical_issues": [],
      "manufacturing_risks": [
        "Protease cleavage site: AP",
        "Oxidation risk: High tryptophan count (4)",
        "Isomerization risk at position 70"
      ],
      "recommendations": [
        "Good candidate for immediate synthesis and testing",
        "Consider mutation to remove protease sites",
        "Validate binding with computational docking",
        "Test expression in mammalian system (HEK293 or CHO)"
      ],
      "scientific_support_score": 0.635,
      "supporting_papers": [
        "25253727"
      ],
      "evidence_statements": [],
      "confidence_level": "Medium",
      "combined_score": 0.8288,
      "evidence_score": 0.602
    },
    {
      "candidate_id": "DES_L755S_003_329d10d4",
      "sequence": "QVQLQESGPGLVKPSETLSLTCTVSGFYYTSYAWAWVRQAPGKGLEWVYAFNHWFMTFLFRYRHRFTISADTSKNTAYLQMNSLRAEDTAVYYCWGWDGWYAMDYWGQGTLVTVSS",
      "cdr1": "GFYYTSYAWA",
      "cdr2": "YAFNHWFMTFLFRYRH",
      "cdr3": "WGWDGWYAMDY",
      "framework": "VH4-34",
      "length": 116,
      "design_confidence": 0.95,
      "binding_optimization": 0.455,
      "stability_score": 0.567,
      "specificity_score": 0.966,
      "biochemical_properties": {
        "length": 116,
        "molecular_weight": 13502.00399999999,
        "isoelectric_point": 6.908745384216309,
        "gravy": -0.24482758620689657,
        "instability_index": 31.33887931034482,
        "aromaticity": 0.20689655172413793,
        "secondary_structure_fraction": [
          0.24137931034482757,
          0.25,
          0.4568965517241379
        ],
        "molar_extinction_coefficient": [
          58900,
          59025
        ],
        "amino_acid_composition": {
          "A": 0.07758620689655173,
          "C": 0.017241379310344827,
          "D": 0.034482758620689655,
          "E": 0.034482758620689655,
          "F": 0.05172413793103448,
          "G": 0.07758620689655173,
          "H": 0.017241379310344827,
          "I": 0.008620689655172414,
          "K": 0.02586206896551724,
          "L": 0.07758620689655173,
          "M": 0.02586206896551724,
          "N": 0.02586206896551724,
          "P": 0.02586206896551724,
          "Q": 0.05172413793103448,
          "R": 0.04310344827586207,
          "S": 0.08620689655172414,
          "T": 0.09482758620689655,
          "V": 0.06896551724137931,
          "W": 0.06896551724137931,
          "Y": 0.08620689655172414
        },
        "charge_at_ph7": 2
      },
      "feasibility_score": 0.977,
      "feasibility_category": "Excellent",
      "passes": [
        "Length OK (116 residues)",
        "Cysteine count OK (2, all can form disulfides)",
        "No problematic motifs detected",
        "Isoelectric point OK (pI = 6.91)",
        "Hydrophobicity OK (GRAVY = -0.24)",
        "Stable protein (instability index = 31.3)",
        "Good sequence complexity (0.83)"
      ],
      "warnings": [],
      "issues": [],
      "critical_issues": [],
      "manufacturing_risks": [
        "Protease cleavage site: GP",
        "Oxidation risk: High tryptophan count (8)",
        "Isomerization risk at position 70"
      ],
      "recommendations": [
        "Good candidate for immediate synthesis and testing",
        "Consider mutation to remove protease sites",
        "Validate binding with computational docking",
        "Test expression in mammalian system (HEK293 or CHO)"
      ],
      "scientific_support_score": 0.635,
      "supporting_papers": [
        "25253727"
      ],
      "evidence_statements": [],
      "confidence_level": "Medium",
      "combined_score": 0.8288,
      "evidence_score": 0.602
    },
    {
      "candidate_id": "DES_L755S_002_0d6a1321",
      "sequence": "EVQLVESGGGLVQPGGSLRLSCAASSRSRWWSRWHWVRQAPGKGLEWVKRHRYFWYYKKRYVFYRFTISADTSKNTAYLQMNSLRAEDTAVYYCWHGDGFYHMDYWGQGTLVTVSS",
      "cdr1": "SRSRWWSRWH",
      "cdr2": "KRHRYFWYYKKRYVFY",
      "cdr3": "WHGDGFYHMDY",
      "framework": "VH3-23",
      "length": 116,
      "design_confidence": 0.95,
      "binding_optimization": 0.545,
      "stability_score": 0.589,
      "specificity_score": 0.448,
      "biochemical_properties": {
        "length": 116,
        "molecular_weight": 13675.22039999999,
        "isoelectric_point": 9.613090324401856,
        "gravy": -0.5698275862068967,
        "instability_index": 58.20275862068965,
        "aromaticity": 0.1896551724137931,
        "secondary_structure_fraction": [
          0.22413793103448276,
          0.2672413793103448,
          0.39655172413793105
        ],
        "molar_extinction_coefficient": [
          58900,
          59025
        ],
        "amino_acid_composition": {
          "A": 0.06034482758620689,
          "C": 0.017241379310344827,
          "D": 0.034482758620689655,
          "E": 0.034482758620689655,
          "F": 0.034482758620689655,
          "G": 0.09482758620689655,
          "H": 0.034482758620689655,
          "I": 0.008620689655172414,
          "K": 0.04310344827586207,
          "L": 0.06896551724137931,
          "M": 0.017241379310344827,
          "N": 0.017241379310344827,
          "P": 0.017241379310344827,
          "Q": 0.04310344827586207,
          "R": 0.08620689655172414,
          "S": 0.10344827586206896,
          "T": 0.05172413793103448,
          "V": 0.07758620689655173,
          "W": 0.06896551724137931,