{
  "report_id": "HER2_Report_L755S_20260130_232020",
  "mutation": "L755S",
  "timestamp": "2026-01-30T23:20:20.105110",
  "summary": {
    "candidates_generated": 3,
    "top_score": 0.8288,
    "average_feasibility": 0.7216666666666667
  },
  "evidence_found": {
    "similar_mutations": 5,
    "relevant_papers": 1,
    "evidence_score": 0.602
  },
  "top_candidates": [
    {
      "candidate_id": "DES_L755S_003_78ad0582",
      "sequence": "EVQLVESGGGLVQPGGSLRLSCAASAQGCSGHFHCWVRQAPGKGLEWVHRRLRMHYNWTYYWMFRFTISADTSKNTAYLQMNSLRAEDTAVYYCWGGDGFWAHRYWGQGTLVTVSS",
      "cdr1": "AQGCSGHFHC",
      "cdr2": "HRRLRMHYNWTYYWMF",
      "cdr3": "WGGDGFWAHRY",
      "framework": "VH3-23",
      "length": 116,
      "design_confidence": 0.95,
      "binding_optimization": 0.545,
      "stability_score": 0.593,
      "specificity_score": 0.736,
      "biochemical_properties": {
        "length": 116,
        "molecular_weight": 13158.653699999988,
        "isoelectric_point": 8.798532295227051,
        "gravy": -0.32327586206896547,
        "instability_index": 36.91896551724137,
        "aromaticity": 0.15517241379310343,
        "secondary_structure_fraction": [
          0.23275862068965517,
          0.27586206896551724,
          0.3706896551724138
        ],
        "molar_extinction_coefficient": [
          48930,
          49180
        ],
        "amino_acid_composition": {
          "A": 0.07758620689655173,
          "C": 0.034482758620689655,
          "D": 0.02586206896551724,
          "E": 0.034482758620689655,
          "F": 0.034482758620689655,
          "G": 0.12068965517241378,
          "H": 0.04310344827586207,
          "I": 0.008620689655172414,
          "K": 0.017241379310344827,
          "L": 0.07758620689655173,
          "M": 0.02586206896551724,
          "N": 0.02586206896551724,
          "P": 0.017241379310344827,
          "Q": 0.05172413793103448,
          "R": 0.06896551724137931,
          "S": 0.08620689655172414,
          "T": 0.06034482758620689,
          "V": 0.06896551724137931,
          "W": 0.06034482758620689,
          "Y": 0.06034482758620689
        },
        "charge_at_ph7": 8
      },
      "genetic_code": "GAGGTGCAGCTGGTGGAGTCCGGCGGCGGCCTGGTGCAGCCCGGCGGCTCCCTGCGCCTGTCCTGCGCTGCTTCCGCTCAGGGCTGCTCCGGCCACTTCCACTGCTGGGTGCGCCAGGCTCCCGGCAAGGGCCTGGAGTGGGTGCACCGCCGCCTGCGCATGCACTACAACTGGACCTACTACTGGATGTTCCGCTTCACCATCTCCGCTGACACCTCCAAGAACACCGCTTACCTGCAGATGAACTCCCTGCGCGCTGAGGACACCGCTGTGTACTACTGCTGGGGCGGCGACGGCTTCTGGGCTCACCGCTACTGGGGCCAGGGCACCCTGGTGACCGTGTCCTCC",
      "feasibility_score": 0.977,
      "feasibility_category": "Excellent",
      "passes": [
        "Length OK (116 residues)",
        "Cysteine count OK (4, all can form disulfides)",
        "No problematic motifs detected",
        "Isoelectric point OK (pI = 8.80)",
        "Hydrophobicity OK (GRAVY = -0.32)",
        "Stable protein (instability index = 36.9)",
        "Good sequence complexity (0.80)"
      ],
      "warnings": [],
      "issues": [],
      "critical_issues": [],
      "manufacturing_risks": [
        "Protease cleavage site: AP",
        "Oxidation risk: High tryptophan count (7)",
        "Isomerization risk at position 70"
      ],
      "recommendations": [
        "Good candidate for immediate synthesis and testing",
        "Consider mutation to remove protease sites",
        "Validate binding with computational docking",
        "Test expression in mammalian system (HEK293 or CHO)"
      ],
      "scientific_support_score": 0.635,
      "supporting_papers": [
        "25253727"
      ],
      "evidence_statements": [],
      "confidence_level": "Medium",
      "combined_score": 0.8288,
      "evidence_score": 0.602
    },
    {
      "candidate_id": "DES_L755S_002_17a451f7",
      "sequence": "EVQLVESGGGLVQPGGSLRLSCAASRRFFHFRHSFWVRQAPGKGLEWVKRWNDYWRFFWTAWWRRFTISADTSKNTAYLQMNSLRAEDTAVYYCWGWRGFYAMDYWGQGTLVTVSS",
      "cdr1": "RRFFHFRHSF",
      "cdr2": "KRWNDYWRFFWTAWWR",
      "cdr3": "WGWRGFYAMDY",
      "framework": "VH3-23",
      "length": 116,
      "design_confidence": 0.95,
      "binding_optimization": 0.545,
      "stability_score": 0.576,
      "specificity_score": 0.621,
      "biochemical_properties": {
        "length": 116,
        "molecular_weight": 13693.28179999999,
        "isoelectric_point": 9.751826286315914,
        "gravy": -0.38793103448275856,
        "instability_index": 45.900086206896546,
        "aromaticity": 0.20689655172413793,
        "secondary_structure_fraction": [
          0.22413793103448276,
          0.25862068965517243,
          0.41379310344827586
        ],
        "molar_extinction_coefficient": [
          63940,
          64065
        ],
        "amino_acid_composition": {
          "A": 0.07758620689655173,
          "C": 0.017241379310344827,
          "D": 0.034482758620689655,
          "E": 0.034482758620689655,
          "F": 0.06896551724137931,
          "G": 0.09482758620689655,
          "H": 0.017241379310344827,
          "I": 0.008620689655172414,
          "K": 0.02586206896551724,
          "L": 0.06896551724137931,
          "M": 0.017241379310344827,
          "N": 0.02586206896551724,
          "P": 0.017241379310344827,
          "Q": 0.04310344827586207,
          "R": 0.09482758620689655,
          "S": 0.08620689655172414,
          "T": 0.06034482758620689,
          "V": 0.06896551724137931,
          "W": 0.08620689655172414,
          "Y": 0.05172413793103448
        },
        "charge_at_ph7": 8
      },
      "genetic_code": "GAGGTGCAGCTGGTGGAGTCCGGCGGCGGCCTGGTGCAGCCCGGCGGCTCCCTGCGCCTGTCCTGCGCTGCTTCCCGCCGCTTCTTCCACTTCCGCCACTCCTTCTGGGTGCGCCAGGCTCCCGGCAAGGGCCTGGAGTGGGTGAAGCGCTGGAACGACTACTGGCGCTTCTTCTGGACCGCTTGGTGGCGCCGCTTCACCATCTCCGCTGACACCTCCAAGAACACCGCTTACCTGCAGATGAACTCCCTGCGCGCTGAGGACACCGCTGTGTACTACTGCTGGGGCTGGCGCGGCTTCTACGCTATGGACTACTGGGGCCAGGGCACCCTGGTGACCGTGTCCTCC",
      "feasibility_score": 0.764,
      "feasibility_category": "Moderate",
      "passes": [
        "Length OK (116 residues)",
        "Cysteine count OK (2, all can form disulfides)",
        "No problematic motifs detected",
        "Hydrophobicity OK (GRAVY = -0.39)",
        "Good sequence complexity (0.80)"
      ],
      "warnings": [
        "Extreme isoelectric point (pI = 9.75) - may affect solubility",
        "Potentially unstable (instability index = 45.9)"
      ],
      "issues": [],
      "critical_issues": [],
      "manufacturing_risks": [
        "Protease cleavage site: AP",
        "Oxidation risk: High tryptophan count (10)",
        "Isomerization risk at position 70"
      ],
      "recommendations": [
        "Moderate candidate - consider optimization before synthesis",
        "Consider mutation to remove protease sites",
        "Validate binding with computational docking",
        "Test expression in mammalian system (HEK293 or CHO)"
      ],
      "scientific_support_score": 0.635,
      "supporting_papers": [
        "25253727"
      ],
      "evidence_statements": [],
      "confidence_level": "Medium",
      "combined_score": 0.7649,
      "evidence_score": 0.602
    },
    {
      "candidate_id": "DES_L755S_001_0ca848c9",
      "sequence": "QVQLQESGPGLVKPSETLSLTCTVSRCNNWTHNWQWVRQAPGKGLEWVIWRRLWFRDRHTQYLWRFTISADTSKNTAYLQMNSLRAEDTAVYYCWGRWHRYHMDYWGQGTLVTVSS",
      "cdr1": "RCNNWTHNWQ",
      "cdr2": "IWRRLWFRDRHTQYLW",
      "cdr3": "WGRWHRYHMDY",
      "framework": "VH4-34",
      "length": 116,
      "design_confidence": 0.6399999999999999,
      "binding_optimization": 0.727,
      "stability_score": 0.606,
      "specificity_score": 0.563,
      "biochemical_properties": {
        "length": 116,
        "molecular_weight": 13885.47709999999,
        "isoelectric_point": 9.407500648498537,
        "gravy": -0.6534482758620691,
        "instability_index": 37.86293103448275,
        "aromaticity": 0.15517241379310345,