{
  "report_id": "HER2_Report_L755S_20260128_125339",
  "mutation": "L755S",
  "timestamp": "2026-01-28T12:53:39.045655",
  "summary": {
    "candidates_generated": 3,
    "top_score": 0.5588,
    "average_feasibility": 0.43566666666666665
  },
  "evidence_found": {
    "similar_mutations": 5,
    "relevant_papers": 1,
    "evidence_score": 0.602
  },
  "top_candidates": [
    {
      "candidate_id": "DES_L755S_003_7dd292a7",
      "sequence": "QVQLQESGPGLVKPSETLSLTCTVSYRHTYTCSFTWVRQAPGKGLEWVWFMYWRRHWKHAYSYMRFTISADTSKNTAYLQMNSLRAEDTAVYYCWGGDGFFARDYWGQGTLVTVSS",
      "cdr1": "YRHTYTCSFT",
      "cdr2": "WFMYWRRHWKHAYSYM",
      "cdr3": "WGGDGFFARDY",
      "framework": "VH4-34",
      "length": 116,
      "design_confidence": 0.6399999999999999,
      "binding_optimization": 0.455,
      "stability_score": 0.593,
      "specificity_score": 0.736,
      "biochemical_properties": {
        "length": 116,
        "molecular_weight": 13505.038199999988,
        "isoelectric_point": 8.833087348937987,
        "gravy": -0.4137931034482758,
        "instability_index": 30.994827586206885,
        "aromaticity": 0.1810344827586207,
        "secondary_structure_fraction": [
          0.22413793103448276,
          0.25,
          0.43103448275862066
        ],
        "molar_extinction_coefficient": [
          51910,
          52035
        ],
        "amino_acid_composition": {
          "A": 0.06034482758620689,
          "C": 0.02586206896551724,
          "D": 0.034482758620689655,
          "E": 0.034482758620689655,
          "F": 0.04310344827586207,
          "G": 0.07758620689655173,
          "H": 0.02586206896551724,
          "I": 0.008620689655172414,
          "K": 0.034482758620689655,
          "L": 0.06896551724137931,
          "M": 0.02586206896551724,
          "N": 0.017241379310344827,
          "P": 0.02586206896551724,
          "Q": 0.05172413793103448,
          "R": 0.06034482758620689,
          "S": 0.09482758620689655,
          "T": 0.10344827586206896,
          "V": 0.06896551724137931,
          "W": 0.06034482758620689,
          "Y": 0.07758620689655173
        },
        "charge_at_ph7": 6
      },
      "feasibility_score": 0.48,
      "feasibility_category": "Poor",
      "passes": [
        "Length OK (116 residues)",
        "No problematic motifs detected",
        "Isoelectric point OK (pI = 8.83)",
        "Hydrophobicity OK (GRAVY = -0.41)",
        "Stable protein (instability index = 31.0)",
        "Good sequence complexity (0.84)"
      ],
      "warnings": [],
      "issues": [],
      "critical_issues": [
        "Odd number of cysteines (3) - cannot form proper disulfide bonds"
      ],
      "manufacturing_risks": [
        "Protease cleavage site: GP",
        "Oxidation risk: High tryptophan count (7)",
        "Isomerization risk at position 70"
      ],
      "recommendations": [
        "Not recommended for synthesis without major redesign",
        "Fix critical issues first: Odd number of cysteines (3) - cannot form proper disulfide bonds",
        "Consider mutation to remove protease sites",
        "Validate binding with computational docking",
        "Test expression in mammalian system (HEK293 or CHO)"
      ],
      "scientific_support_score": 0.542,
      "supporting_papers": [
        "25253727"
      ],
      "evidence_statements": [],
      "confidence_level": "Medium",
      "combined_score": 0.5588,
      "evidence_score": 0.602
    },
    {
      "candidate_id": "DES_L755S_001_0d6f01b4",
      "sequence": "QVQLQESGPGLVKPSETLSLTCTVSRSCRQFYNHFWVRQAPGKGLEWVEHLETFNMHRFRWFKYRFTISADTSKNTAYLQMNSLRAEDTAVYYCWGYDFFYAFYYWGQGTLVTVSS",
      "cdr1": "RSCRQFYNHF",
      "cdr2": "EHLETFNMHRFRWFKY",
      "cdr3": "WGYDFFYAFYY",
      "framework": "VH4-34",
      "length": 116,
      "design_confidence": 0.6399999999999999,
      "binding_optimization": 0.727,
      "stability_score": 0.589,
      "specificity_score": 0.678,
      "biochemical_properties": {
        "length": 116,
        "molecular_weight": 13728.284599999986,
        "isoelectric_point": 8.4911470413208,
        "gravy": -0.39568965517241367,
        "instability_index": 49.877844827586195,
        "aromaticity": 0.19827586206896552,
        "secondary_structure_fraction": [
          0.2327586206896552,
          0.23275862068965517,
          0.4396551724137931
        ],
        "molar_extinction_coefficient": [
          40910,
          41035
        ],
        "amino_acid_composition": {
          "A": 0.05172413793103448,
          "C": 0.02586206896551724,
          "D": 0.02586206896551724,
          "E": 0.05172413793103448,
          "F": 0.07758620689655173,
          "G": 0.06034482758620689,
          "H": 0.02586206896551724,
          "I": 0.008620689655172414,
          "K": 0.034482758620689655,
          "L": 0.07758620689655173,
          "M": 0.017241379310344827,
          "N": 0.034482758620689655,
          "P": 0.02586206896551724,
          "Q": 0.06034482758620689,
          "R": 0.06034482758620689,
          "S": 0.08620689655172414,
          "T": 0.08620689655172414,
          "V": 0.06896551724137931,
          "W": 0.04310344827586207,
          "Y": 0.07758620689655173
        },
        "charge_at_ph7": 5
      },
      "feasibility_score": 0.424,
      "feasibility_category": "Poor",
      "passes": [
        "Length OK (116 residues)",
        "No problematic motifs detected",
        "Isoelectric point OK (pI = 8.49)",
        "Hydrophobicity OK (GRAVY = -0.40)",
        "Good sequence complexity (0.83)"
      ],
      "warnings": [
        "Potentially unstable (instability index = 49.9)"
      ],
      "issues": [],
      "critical_issues": [
        "Odd number of cysteines (3) - cannot form proper disulfide bonds"
      ],
      "manufacturing_risks": [
        "Protease cleavage site: GP",
        "Oxidation risk: High tryptophan count (5)",
        "Isomerization risk at position 70"
      ],
      "recommendations": [
        "Not recommended for synthesis without major redesign",
        "Fix critical issues first: Odd number of cysteines (3) - cannot form proper disulfide bonds",
        "Consider mutation to remove protease sites",
        "Validate binding with computational docking",
        "Test expression in mammalian system (HEK293 or CHO)"
      ],
      "scientific_support_score": 0.542,
      "supporting_papers": [
        "25253727"
      ],
      "evidence_statements": [],
      "confidence_level": "Medium",
      "combined_score": 0.5419999999999999,
      "evidence_score": 0.602
    },
    {
      "candidate_id": "DES_L755S_002_221112e7",
      "sequence": "QVQLQESGPGLVKPSETLSLTCTVSRCRHFHHWWFWVRQAPGKGLEWVHHIIWHYWHRYKHKYNRFTISADTSKNTAYLQMNSLRAEDTAVYYCWHWYWFRAHWYWGQGTLVTVSS",
      "cdr1": "RCRHFHHWWF",
      "cdr2": "HHIIWHYWHRYKHKYN",
      "cdr3": "WHWYWFRAHWY",
      "framework": "VH4-34",
      "length": 116,
      "design_confidence": 0.6399999999999999,
      "binding_optimization": 0.909,
      "stability_score": 0.589,
      "specificity_score": 0.391,
      "biochemical_properties": {
        "length": 116,
        "molecular_weight": 14155.831099999987,
        "isoelectric_point": 9.438058662414551,
        "gravy": -0.5827586206896554,
        "instability_index": 36.91810344827586,
        "aromaticity": 0.19827586206896552,
        "secondary_structure_fraction": [
          0.20689655172413793,
          0.19827586206896552,
          0.43965517241379315
        ],
        "molar_extinction_coefficient": [
          72420,
          72545
        ],
        "amino_acid_composition": {
          "A": 0.05172413793103448,
          "C": 0.02586206896551724,
          "D": 0.017241379310344827,
          "E": 0.034482758620689655,
          "F": 0.034482758620689655,
          "G": 0.05172413793103448,
          "H": 0.08620689655172414,
          "I": 0.02586206896551724,
          "K": 0.04310344827586207,
          "L": 0.06896551724137931,