{
  "report_id": "HER2_Report_L755S_20260128_125805",
  "mutation": "L755S",
  "timestamp": "2026-01-28T12:58:05.866285",
  "summary": {
    "candidates_generated": 3,
    "top_score": 0.8288,
    "average_feasibility": 0.7403333333333334
  },
  "evidence_found": {
    "similar_mutations": 5,
    "relevant_papers": 1,
    "evidence_score": 0.602
  },
  "top_candidates": [
    {
      "candidate_id": "DES_L755S_002_f6ad3233",
      "sequence": "EVQLVESGGGLVQPGGSLRLSCAASYCYRWYYRWYWVRQAPGKGLEWVFFTRTFNCFRHWISYRRFTISADTSKNTAYLQMNSLRAEDTAVYYCFGGDGFFAMYYWGQGTLVTVSS",
      "cdr1": "YCYRWYYRWY",
      "cdr2": "FFTRTFNCFRHWISYR",
      "cdr3": "FGGDGFFAMYY",
      "framework": "VH3-23",
      "length": 116,
      "design_confidence": 0.95,
      "binding_optimization": 0.455,
      "stability_score": 0.572,
      "specificity_score": 0.908,
      "biochemical_properties": {
        "length": 116,
        "molecular_weight": 13478.058499999986,
        "isoelectric_point": 8.970662879943852,
        "gravy": -0.18706896551724134,
        "instability_index": 37.89913793103447,
        "aromaticity": 0.21551724137931033,
        "secondary_structure_fraction": [
          0.20689655172413793,
          0.25862068965517243,
          0.43965517241379315
        ],
        "molar_extinction_coefficient": [
          49390,
          49640
        ],
        "amino_acid_composition": {
          "A": 0.06896551724137931,
          "C": 0.034482758620689655,
          "D": 0.02586206896551724,
          "E": 0.034482758620689655,
          "F": 0.06896551724137931,
          "G": 0.10344827586206896,
          "H": 0.008620689655172414,
          "I": 0.017241379310344827,
          "K": 0.017241379310344827,
          "L": 0.06896551724137931,
          "M": 0.017241379310344827,
          "N": 0.02586206896551724,
          "P": 0.017241379310344827,
          "Q": 0.04310344827586207,
          "R": 0.07758620689655173,
          "S": 0.08620689655172414,
          "T": 0.06896551724137931,
          "V": 0.06896551724137931,
          "W": 0.05172413793103448,
          "Y": 0.09482758620689655
        },
        "charge_at_ph7": 5
      },
      "feasibility_score": 0.977,
      "feasibility_category": "Excellent",
      "passes": [
        "Length OK (116 residues)",
        "Cysteine count OK (4, all can form disulfides)",
        "No problematic motifs detected",
        "Isoelectric point OK (pI = 8.97)",
        "Hydrophobicity OK (GRAVY = -0.19)",
        "Stable protein (instability index = 37.9)",
        "Good sequence complexity (0.77)"
      ],
      "warnings": [],
      "issues": [],
      "critical_issues": [],
      "manufacturing_risks": [
        "Protease cleavage site: AP",
        "Oxidation risk: High tryptophan count (6)",
        "Isomerization risk at position 70"
      ],
      "recommendations": [
        "Good candidate for immediate synthesis and testing",
        "Consider mutation to remove protease sites",
        "Validate binding with computational docking",
        "Test expression in mammalian system (HEK293 or CHO)"
      ],
      "scientific_support_score": 0.635,
      "supporting_papers": [
        "25253727"
      ],
      "evidence_statements": [],
      "confidence_level": "Medium",
      "combined_score": 0.8288,
      "evidence_score": 0.602
    },
    {
      "candidate_id": "DES_L755S_003_99201a9f",
      "sequence": "QVQLQESGPGLVKPSETLSLTCTVSWRYTRRWGWRWVRQAPGKGLEWVWYEYHRHYSHMDYWRRRFTISADTSKNTAYLQMNSLRAEDTAVYYCRGHWGFYWYDWWGQGTLVTVSS",
      "cdr1": "WRYTRRWGWR",
      "cdr2": "WYEYHRHYSHMDYWRR",
      "cdr3": "RGHWGFYWYDW",
      "framework": "VH4-34",
      "length": 116,
      "design_confidence": 0.95,
      "binding_optimization": 0.727,
      "stability_score": 0.597,
      "specificity_score": 0.448,
      "biochemical_properties": {
        "length": 116,
        "molecular_weight": 14068.57359999999,
        "isoelectric_point": 9.390738868713381,
        "gravy": -0.7577586206896556,
        "instability_index": 52.04663793103448,
        "aromaticity": 0.19827586206896552,
        "secondary_structure_fraction": [
          0.19827586206896552,
          0.24137931034482762,
          0.4310344827586207
        ],
        "molar_extinction_coefficient": [
          75400,
          75525
        ],
        "amino_acid_composition": {
          "A": 0.04310344827586207,
          "C": 0.017241379310344827,
          "D": 0.034482758620689655,
          "E": 0.04310344827586207,
          "F": 0.017241379310344827,
          "G": 0.07758620689655173,
          "H": 0.034482758620689655,
          "I": 0.008620689655172414,
          "K": 0.02586206896551724,
          "L": 0.06896551724137931,
          "M": 0.017241379310344827,
          "N": 0.017241379310344827,
          "P": 0.02586206896551724,
          "Q": 0.05172413793103448,
          "R": 0.09482758620689655,
          "S": 0.08620689655172414,
          "T": 0.08620689655172414,
          "V": 0.06896551724137931,
          "W": 0.09482758620689655,
          "Y": 0.08620689655172414
        },
        "charge_at_ph7": 9
      },
      "feasibility_score": 0.764,
      "feasibility_category": "Moderate",
      "passes": [
        "Length OK (116 residues)",
        "Cysteine count OK (2, all can form disulfides)",
        "No problematic motifs detected",
        "Hydrophobicity OK (GRAVY = -0.76)",
        "Good sequence complexity (0.83)"
      ],
      "warnings": [
        "Extreme isoelectric point (pI = 9.39) - may affect solubility",
        "Potentially unstable (instability index = 52.0)"
      ],
      "issues": [],
      "critical_issues": [],
      "manufacturing_risks": [
        "Protease cleavage site: GP",
        "Oxidation risk: High tryptophan count (11)",
        "Isomerization risk at position 70"
      ],
      "recommendations": [
        "Moderate candidate - consider optimization before synthesis",
        "Consider mutation to remove protease sites",
        "Validate binding with computational docking",
        "Test expression in mammalian system (HEK293 or CHO)"
      ],
      "scientific_support_score": 0.635,
      "supporting_papers": [
        "25253727"
      ],
      "evidence_statements": [],
      "confidence_level": "Medium",
      "combined_score": 0.7649,
      "evidence_score": 0.602
    },
    {
      "candidate_id": "DES_L755S_001_7386516f",
      "sequence": "EVQLVESGGGLVQPGGSLRLSCAASWGSQWRQWCWWVRQAPGKGLEWVFHFAYQWHIHYWREFHRFTISADTSKNTAYLQMNSLRAEDTAVYYCWHGDYFWAMRYWGQGTLVTVSS",
      "cdr1": "WGSQWRQWCW",
      "cdr2": "FHFAYQWHIHYWREFH",
      "cdr3": "WHGDYFWAMRY",
      "framework": "VH3-23",
      "length": 116,
      "design_confidence": 0.6399999999999999,
      "binding_optimization": 0.636,
      "stability_score": 0.576,
      "specificity_score": 0.736,
      "biochemical_properties": {
        "length": 116,
        "molecular_weight": 13659.154499999988,
        "isoelectric_point": 8.014532279968265,
        "gravy": -0.3672413793103448,
        "instability_index": 34.84655172413792,
        "aromaticity": 0.1982758620689655,
        "secondary_structure_fraction": [
          0.22413793103448276,
          0.24137931034482757,
          0.4051724137931034
        ],
        "molar_extinction_coefficient": [
          70930,
          71055
        ],
        "amino_acid_composition": {
          "A": 0.07758620689655173,
          "C": 0.02586206896551724,
          "D": 0.02586206896551724,
          "E": 0.04310344827586207,
          "F": 0.04310344827586207,
          "G": 0.09482758620689655,
          "H": 0.04310344827586207,
          "I": 0.017241379310344827,
          "K": 0.017241379310344827,
          "L": 0.06896551724137931,
          "M": 0.017241379310344827,
          "N": 0.017241379310344827,
          "P": 0.017241379310344827,
          "Q": 0.06896551724137931,
          "R": 0.06034482758620689,
          "S": 0.08620689655172414,