{
  "report_id": "HER2_Report_L755S_20260128_130528",
  "mutation": "L755S",
  "timestamp": "2026-01-28T13:05:28.324515",
  "summary": {
    "candidates_generated": 3,
    "top_score": 0.7949,
    "average_feasibility": 0.5543333333333333
  },
  "evidence_found": {
    "similar_mutations": 5,
    "relevant_papers": 1,
    "evidence_score": 0.602
  },
  "top_candidates": [
    {
      "candidate_id": "DES_L755S_003_74ddc960",
      "sequence": "EVQLVESGGGLVQPGGSLRLSCAASWRASYGTYSHWVRQAPGKGLEWVIFQFYHQHYHNRYWRHRFTISADTSKNTAYLQMNSLRAEDTAVYYCWHGFHFRRMDYWGQGTLVTVSS",
      "cdr1": "WRASYGTYSH",
      "cdr2": "IFQFYHQHYHNRYWRH",
      "cdr3": "WHGFHFRRMDY",
      "framework": "VH3-23",
      "length": 116,
      "design_confidence": 0.95,
      "binding_optimization": 0.727,
      "stability_score": 0.593,
      "specificity_score": 0.563,
      "biochemical_properties": {
        "length": 116,
        "molecular_weight": 13511.921199999988,
        "isoelectric_point": 9.266701698303223,
        "gravy": -0.5034482758620691,
        "instability_index": 36.646637931034476,
        "aromaticity": 0.1724137931034483,
        "secondary_structure_fraction": [
          0.20689655172413793,
          0.25862068965517243,
          0.3879310344827586
        ],
        "molar_extinction_coefficient": [
          46410,
          46535
        ],
        "amino_acid_composition": {
          "A": 0.06896551724137931,
          "C": 0.017241379310344827,
          "D": 0.02586206896551724,
          "E": 0.034482758620689655,
          "F": 0.04310344827586207,
          "G": 0.09482758620689655,
          "H": 0.06034482758620689,
          "I": 0.017241379310344827,
          "K": 0.017241379310344827,
          "L": 0.06896551724137931,
          "M": 0.017241379310344827,
          "N": 0.02586206896551724,
          "P": 0.017241379310344827,
          "Q": 0.06034482758620689,
          "R": 0.07758620689655173,
          "S": 0.09482758620689655,
          "T": 0.06034482758620689,
          "V": 0.06896551724137931,
          "W": 0.05172413793103448,
          "Y": 0.07758620689655173
        },
        "charge_at_ph7": 11
      },
      "feasibility_score": 0.864,
      "feasibility_category": "Good",
      "passes": [
        "Length OK (116 residues)",
        "Cysteine count OK (2, all can form disulfides)",
        "No problematic motifs detected",
        "Hydrophobicity OK (GRAVY = -0.50)",
        "Stable protein (instability index = 36.6)",
        "Good sequence complexity (0.84)"
      ],
      "warnings": [
        "Extreme isoelectric point (pI = 9.27) - may affect solubility"
      ],
      "issues": [],
      "critical_issues": [],
      "manufacturing_risks": [
        "Protease cleavage site: AP",
        "Oxidation risk: High tryptophan count (6)",
        "Isomerization risk at position 70"
      ],
      "recommendations": [
        "Good candidate for immediate synthesis and testing",
        "Consider mutation to remove protease sites",
        "Validate binding with computational docking",
        "Test expression in mammalian system (HEK293 or CHO)"
      ],
      "scientific_support_score": 0.635,
      "supporting_papers": [
        "25253727"
      ],
      "evidence_statements": [],
      "confidence_level": "Medium",
      "combined_score": 0.7949,
      "evidence_score": 0.602
    },
    {
      "candidate_id": "DES_L755S_001_486fa38f",
      "sequence": "QVQLQESGPGLVKPSETLSLTCTVSRQATSYHCTSWVRQAPGKGLEWVMYHIFLHRRFFIIALFRFTISADTSKNTAYLQMNSLRAEDTAVYYCFRRDGFYAMDYWGQGTLVTVSS",
      "cdr1": "RQATSYHCTS",
      "cdr2": "MYHIFLHRRFFIIALF",
      "cdr3": "FRRDGFYAMDY",
      "framework": "VH4-34",
      "length": 116,
      "design_confidence": 0.6399999999999999,
      "binding_optimization": 0.545,
      "stability_score": 0.584,
      "specificity_score": 0.736,
      "biochemical_properties": {
        "length": 116,
        "molecular_weight": 13306.001799999984,
        "isoelectric_point": 8.89162464141846,
        "gravy": -0.13706896551724124,
        "instability_index": 49.43887931034481,
        "aromaticity": 0.14655172413793102,
        "secondary_structure_fraction": [
          0.24137931034482757,
          0.2327586206896552,
          0.43103448275862066
        ],
        "molar_extinction_coefficient": [
          26930,
          27055
        ],
        "amino_acid_composition": {
          "A": 0.06896551724137931,
          "C": 0.02586206896551724,
          "D": 0.034482758620689655,
          "E": 0.034482758620689655,
          "F": 0.06034482758620689,
          "G": 0.06034482758620689,
          "H": 0.02586206896551724,
          "I": 0.034482758620689655,
          "K": 0.02586206896551724,
          "L": 0.08620689655172414,
          "M": 0.02586206896551724,
          "N": 0.017241379310344827,
          "P": 0.02586206896551724,
          "Q": 0.06034482758620689,
          "R": 0.06896551724137931,
          "S": 0.09482758620689655,
          "T": 0.09482758620689655,
          "V": 0.06896551724137931,
          "W": 0.02586206896551724,
          "Y": 0.06034482758620689
        },
        "charge_at_ph7": 6
      },
      "feasibility_score": 0.424,
      "feasibility_category": "Poor",
      "passes": [
        "Length OK (116 residues)",
        "No problematic motifs detected",
        "Isoelectric point OK (pI = 8.89)",
        "Hydrophobicity OK (GRAVY = -0.14)",
        "Good sequence complexity (0.83)"
      ],
      "warnings": [
        "Potentially unstable (instability index = 49.4)"
      ],
      "issues": [],
      "critical_issues": [
        "Odd number of cysteines (3) - cannot form proper disulfide bonds"
      ],
      "manufacturing_risks": [
        "Protease cleavage site: GP",
        "Oxidation risk: High tryptophan count (3)",
        "Isomerization risk at position 70"
      ],
      "recommendations": [
        "Not recommended for synthesis without major redesign",
        "Fix critical issues first: Odd number of cysteines (3) - cannot form proper disulfide bonds",
        "Consider mutation to remove protease sites",
        "Validate binding with computational docking",
        "Test expression in mammalian system (HEK293 or CHO)"
      ],
      "scientific_support_score": 0.542,
      "supporting_papers": [
        "25253727"
      ],
      "evidence_statements": [],
      "confidence_level": "Medium",
      "combined_score": 0.5419999999999999,
      "evidence_score": 0.602
    },
    {
      "candidate_id": "DES_L755S_002_539f914f",
      "sequence": "QVQLQESGPGLVKPSETLSLTCTVSCFSNFYRYAGWVRQAPGKGLEWVWSRWRRVFYLKQVHYRRFTISADTSKNTAYLQMNSLRAEDTAVYYCYFHDHFYFFDYWGQGTLVTVSS",
      "cdr1": "CFSNFYRYAG",
      "cdr2": "WSRWRRVFYLKQVHYR",
      "cdr3": "YFHDHFYFFDY",
      "framework": "VH4-34",
      "length": 116,
      "design_confidence": 0.6399999999999999,
      "binding_optimization": 0.818,
      "stability_score": 0.584,
      "specificity_score": 0.678,
      "biochemical_properties": {
        "length": 116,
        "molecular_weight": 13696.265899999988,
        "isoelectric_point": 9.054729652404784,
        "gravy": -0.3543103448275863,
        "instability_index": 51.19681034482759,
        "aromaticity": 0.19827586206896552,
        "secondary_structure_fraction": [
          0.20689655172413796,
          0.24137931034482757,
          0.4482758620689655
        ],
        "molar_extinction_coefficient": [
          42400,
          42525
        ],
        "amino_acid_composition": {
          "A": 0.05172413793103448,
          "C": 0.02586206896551724,
          "D": 0.034482758620689655,
          "E": 0.034482758620689655,
          "F": 0.06896551724137931,
          "G": 0.06034482758620689,
          "H": 0.02586206896551724,
          "I": 0.008620689655172414,
          "K": 0.034482758620689655,
          "L": 0.07758620689655173,
          "M": 0.008620689655172414,
          "N": 0.02586206896551724,
          "P": 0.02586206896551724,